id,firstname,lastname,email,email2,profession,TranDate
100,Jobi,Orelee,Jobi.Orelee@yopmail.com,Jobi.Orelee@gmail.com,developer,1927-09-11
101,June,Roche,June.Roche@yopmail.com,June.Roche@gmail.com,worker,1925-06-02
102,Christal,Hurley,Christal.Hurley@yopmail.com,Christal.Hurley@gmail.com,developer,1910-03-28
103,Tonia,Tarrant,Tonia.Tarrant@yopmail.com,Tonia.Tarrant@gmail.com,doctor,1943-05-09
104,Marsiella,Raseda,Marsiella.Raseda@yopmail.com,Marsiella.Raseda@gmail.com,developer,2000-02-01
105,Hyacinthe,Colyer,Hyacinthe.Colyer@yopmail.com,Hyacinthe.Colyer@gmail.com,developer,2018-02-09
106,Kayla,Tjon,Kayla.Tjon@yopmail.com,Kayla.Tjon@gmail.com,developer,1915-01-05
107,Cissiee,Federica,Cissiee.Federica@yopmail.com,Cissiee.Federica@gmail.com,firefighter,1910-01-04
108,Alyda,Henebry,Alyda.Henebry@yopmail.com,Alyda.Henebry@gmail.com,developer,1936-07-07
109,Korrie,Braun,Korrie.Braun@yopmail.com,Korrie.Braun@gmail.com,doctor,2011-06-16
110,Max,Fredi,Max.Fredi@yopmail.com,Max.Fredi@gmail.com,firefighter,2005-08-28
111,Laure,Robertson,Laure.Robertson@yopmail.com,Laure.Robertson@gmail.com,developer,1922-10-25
112,Darlleen,Oriana,Darlleen.Oriana@yopmail.com,Darlleen.Oriana@gmail.com,police officer,1983-05-16
113,Lolita,August,Lolita.August@yopmail.com,Lolita.August@gmail.com,developer,1929-07-12
114,Henriette,Alarise,Henriette.Alarise@yopmail.com,Henriette.Alarise@gmail.com,firefighter,1939-01-04
115,Emelina,Joeann,Emelina.Joeann@yopmail.com,Emelina.Joeann@gmail.com,police officer,2006-08-15
116,Glynnis,Gibbeon,Glynnis.Gibbeon@yopmail.com,Glynnis.Gibbeon@gmail.com,police officer,2005-03-15
117,Margarette,Whittaker,Margarette.Whittaker@yopmail.com,Margarette.Whittaker@gmail.com,developer,2007-11-06
118,Lily,Damarra,Lily.Damarra@yopmail.com,Lily.Damarra@gmail.com,doctor,1907-05-15
119,Sherrie,Kiersten,Sherrie.Kiersten@yopmail.com,Sherrie.Kiersten@gmail.com,doctor,1916-07-23
120,Britte,Kunin,Britte.Kunin@yopmail.com,Britte.Kunin@gmail.com,firefighter,1933-02-16
121,Nyssa,Annice,Nyssa.Annice@yopmail.com,Nyssa.Annice@gmail.com,firefighter,2018-05-10
122,Tersina,Remmer,Tersina.Remmer@yopmail.com,Tersina.Remmer@gmail.com,worker,1990-02-08
123,Bertine,Daegal,Bertine.Daegal@yopmail.com,Bertine.Daegal@gmail.com,developer,1927-06-18
124,Mary,Paton,Mary.Paton@yopmail.com,Mary.Paton@gmail.com,firefighter,2000-12-31
125,Winny,Isacco,Winny.Isacco@yopmail.com,Winny.Isacco@gmail.com,doctor,1970-11-13
126,Tina,Hamil,Tina.Hamil@yopmail.com,Tina.Hamil@gmail.com,firefighter,1989-11-10
127,Shaine,Edison,Shaine.Edison@yopmail.com,Shaine.Edison@gmail.com,police officer,1959-04-27
128,Damaris,Gahl,Damaris.Gahl@yopmail.com,Damaris.Gahl@gmail.com,doctor,1911-07-30
129,Correy,Richers,Correy.Richers@yopmail.com,Correy.Richers@gmail.com,firefighter,1919-03-26
130,Justinn,Eno,Justinn.Eno@yopmail.com,Justinn.Eno@gmail.com,police officer,2010-02-14
131,Claudina,Jacobah,Claudina.Jacobah@yopmail.com,Claudina.Jacobah@gmail.com,doctor,2009-05-20
132,Chere,Nahum,Chere.Nahum@yopmail.com,Chere.Nahum@gmail.com,police officer,1980-04-10
133,Philis,Adlare,Philis.Adlare@yopmail.com,Philis.Adlare@gmail.com,police officer,1972-03-15
134,Aigneis,Margret,Aigneis.Margret@yopmail.com,Aigneis.Margret@gmail.com,worker,2005-03-21
135,Kathy,Therine,Kathy.Therine@yopmail.com,Kathy.Therine@gmail.com,doctor,1910-01-29
136,Elora,Guthrie,Elora.Guthrie@yopmail.com,Elora.Guthrie@gmail.com,doctor,1931-07-27
137,Brooks,Henrie,Brooks.Henrie@yopmail.com,Brooks.Henrie@gmail.com,developer,1916-09-02
138,Lorne,Sekofski,Lorne.Sekofski@yopmail.com,Lorne.Sekofski@gmail.com,police officer,1952-12-11
139,Jobi,Travax,Jobi.Travax@yopmail.com,Jobi.Travax@gmail.com,firefighter,1930-07-03
140,Jennica,Afton,Jennica.Afton@yopmail.com,Jennica.Afton@gmail.com,police officer,1994-05-20
141,Berget,Goode,Berget.Goode@yopmail.com,Berget.Goode@gmail.com,firefighter,1954-05-21
142,Gavrielle,Pacorro,Gavrielle.Pacorro@yopmail.com,Gavrielle.Pacorro@gmail.com,doctor,1989-08-11
143,Tomasina,Carbo,Tomasina.Carbo@yopmail.com,Tomasina.Carbo@gmail.com,developer,1936-11-05
144,Florie,Vittoria,Florie.Vittoria@yopmail.com,Florie.Vittoria@gmail.com,firefighter,1996-01-03
145,Chandra,Vernier,Chandra.Vernier@yopmail.com,Chandra.Vernier@gmail.com,developer,1925-05-28
146,Kirbee,Kesley,Kirbee.Kesley@yopmail.com,Kirbee.Kesley@gmail.com,firefighter,1941-10-05
147,Dennie,Regan,Dennie.Regan@yopmail.com,Dennie.Regan@gmail.com,worker,1941-07-18
148,Jere,Rebecka,Jere.Rebecka@yopmail.com,Jere.Rebecka@gmail.com,worker,1983-10-03
149,Albertina,Jillane,Albertina.Jillane@yopmail.com,Albertina.Jillane@gmail.com,police officer,1905-12-25
150,Kimmy,Stover,Kimmy.Stover@yopmail.com,Kimmy.Stover@gmail.com,firefighter,2015-04-06
151,Shaine,Boycey,Shaine.Boycey@yopmail.com,Shaine.Boycey@gmail.com,doctor,2000-12-22
152,Corene,Atcliffe,Corene.Atcliffe@yopmail.com,Corene.Atcliffe@gmail.com,developer,1922-02-25
153,Merle,Hamil,Merle.Hamil@yopmail.com,Merle.Hamil@gmail.com,worker,1969-01-27
154,Charmaine,Rogerio,Charmaine.Rogerio@yopmail.com,Charmaine.Rogerio@gmail.com,police officer,2016-03-03
155,Janey,Loleta,Janey.Loleta@yopmail.com,Janey.Loleta@gmail.com,police officer,1956-07-29
156,Nita,Magdalen,Nita.Magdalen@yopmail.com,Nita.Magdalen@gmail.com,doctor,1937-04-16
157,Ursulina,Dulciana,Ursulina.Dulciana@yopmail.com,Ursulina.Dulciana@gmail.com,doctor,1918-09-25
158,Lulita,Vanni,Lulita.Vanni@yopmail.com,Lulita.Vanni@gmail.com,police officer,1971-05-01
159,Deedee,Fabiola,Deedee.Fabiola@yopmail.com,Deedee.Fabiola@gmail.com,developer,2013-07-28
160,Iseabal,Septima,Iseabal.Septima@yopmail.com,Iseabal.Septima@gmail.com,firefighter,1912-04-13
161,Gianina,Emerson,Gianina.Emerson@yopmail.com,Gianina.Emerson@gmail.com,worker,1966-05-12
162,Shirlee,Malvino,Shirlee.Malvino@yopmail.com,Shirlee.Malvino@gmail.com,worker,2006-05-25
163,Bobinette,Wooster,Bobinette.Wooster@yopmail.com,Bobinette.Wooster@gmail.com,firefighter,1907-05-06
164,Joeann,Schalles,Joeann.Schalles@yopmail.com,Joeann.Schalles@gmail.com,police officer,2013-09-22
165,Maisey,Ramona,Maisey.Ramona@yopmail.com,Maisey.Ramona@gmail.com,developer,1945-11-03
166,Janis,Frodi,Janis.Frodi@yopmail.com,Janis.Frodi@gmail.com,firefighter,1927-05-24
167,Lesly,Jobi,Lesly.Jobi@yopmail.com,Lesly.Jobi@gmail.com,developer,1988-03-30
168,Mireielle,Papageno,Mireielle.Papageno@yopmail.com,Mireielle.Papageno@gmail.com,doctor,2010-12-02
169,Darci,Paine,Darci.Paine@yopmail.com,Darci.Paine@gmail.com,police officer,1994-07-12
170,Sue,Kevon,Sue.Kevon@yopmail.com,Sue.Kevon@gmail.com,developer,2001-09-22
171,Gaylene,Uird,Gaylene.Uird@yopmail.com,Gaylene.Uird@gmail.com,worker,1931-05-20
172,Fanny,Yuille,Fanny.Yuille@yopmail.com,Fanny.Yuille@gmail.com,worker,1998-10-08
173,Hayley,Naor,Hayley.Naor@yopmail.com,Hayley.Naor@gmail.com,firefighter,2005-11-18
174,Clarice,Rustice,Clarice.Rustice@yopmail.com,Clarice.Rustice@gmail.com,firefighter,1927-05-23
175,Cordi,Burnside,Cordi.Burnside@yopmail.com,Cordi.Burnside@gmail.com,worker,1934-09-01
176,Addia,Darrell,Addia.Darrell@yopmail.com,Addia.Darrell@gmail.com,worker,1940-01-15
177,Mireielle,Kaja,Mireielle.Kaja@yopmail.com,Mireielle.Kaja@gmail.com,firefighter,1919-06-23
178,Bernardine,Johnsson,Bernardine.Johnsson@yopmail.com,Bernardine.Johnsson@gmail.com,firefighter,1974-03-05
179,Dede,Ax,Dede.Ax@yopmail.com,Dede.Ax@gmail.com,doctor,1970-11-16
180,Yvonne,Mendez,Yvonne.Mendez@yopmail.com,Yvonne.Mendez@gmail.com,worker,1960-01-11
181,Caryl,Nedrud,Caryl.Nedrud@yopmail.com,Caryl.Nedrud@gmail.com,firefighter,1952-06-28
182,Dolli,Guthrie,Dolli.Guthrie@yopmail.com,Dolli.Guthrie@gmail.com,police officer,1908-01-21
183,Winifred,Olnee,Winifred.Olnee@yopmail.com,Winifred.Olnee@gmail.com,worker,1948-07-03
184,Cam,McNully,Cam.McNully@yopmail.com,Cam.McNully@gmail.com,police officer,1906-07-12
185,Sissy,Bluh,Sissy.Bluh@yopmail.com,Sissy.Bluh@gmail.com,police officer,1911-04-12
186,Mureil,Zetta,Mureil.Zetta@yopmail.com,Mureil.Zetta@gmail.com,worker,1905-04-08
187,Jinny,Chaing,Jinny.Chaing@yopmail.com,Jinny.Chaing@gmail.com,developer,1976-09-10
188,Jsandye,Jacqui,Jsandye.Jacqui@yopmail.com,Jsandye.Jacqui@gmail.com,worker,1920-03-10
189,Aaren,Elisha,Aaren.Elisha@yopmail.com,Aaren.Elisha@gmail.com,police officer,1913-10-19
190,Brianna,Annice,Brianna.Annice@yopmail.com,Brianna.Annice@gmail.com,doctor,2014-08-09
191,Jenda,Olympium,Jenda.Olympium@yopmail.com,Jenda.Olympium@gmail.com,firefighter,1906-05-24
192,Marinna,Melan,Marinna.Melan@yopmail.com,Marinna.Melan@gmail.com,firefighter,1942-04-08
193,Mahalia,Alrich,Mahalia.Alrich@yopmail.com,Mahalia.Alrich@gmail.com,firefighter,1943-10-06
194,Leeanne,Zrike,Leeanne.Zrike@yopmail.com,Leeanne.Zrike@gmail.com,doctor,1931-05-25
195,Cyndie,Thilda,Cyndie.Thilda@yopmail.com,Cyndie.Thilda@gmail.com,firefighter,1960-01-02
196,Cam,Elbertina,Cam.Elbertina@yopmail.com,Cam.Elbertina@gmail.com,police officer,2000-07-03
197,Pearline,Destinee,Pearline.Destinee@yopmail.com,Pearline.Destinee@gmail.com,firefighter,1995-01-15
198,Shirlee,Bigner,Shirlee.Bigner@yopmail.com,Shirlee.Bigner@gmail.com,firefighter,1971-02-12
199,Kathy,Roxanna,Kathy.Roxanna@yopmail.com,Kathy.Roxanna@gmail.com,developer,1934-02-20
200,Kathy,Wildermuth,Kathy.Wildermuth@yopmail.com,Kathy.Wildermuth@gmail.com,firefighter,2006-08-24
201,Augustine,Couture,Augustine.Couture@yopmail.com,Augustine.Couture@gmail.com,worker,1988-05-20
202,Kaia,Madaih,Kaia.Madaih@yopmail.com,Kaia.Madaih@gmail.com,firefighter,1908-07-29
203,Dulce,Colbert,Dulce.Colbert@yopmail.com,Dulce.Colbert@gmail.com,doctor,1910-06-07
204,Tamqrah,Bord,Tamqrah.Bord@yopmail.com,Tamqrah.Bord@gmail.com,doctor,1979-09-10
205,Atlanta,Mozelle,Atlanta.Mozelle@yopmail.com,Atlanta.Mozelle@gmail.com,police officer,1957-07-28
206,Kaia,Jorgan,Kaia.Jorgan@yopmail.com,Kaia.Jorgan@gmail.com,firefighter,1949-02-10
207,Aigneis,Soneson,Aigneis.Soneson@yopmail.com,Aigneis.Soneson@gmail.com,firefighter,1928-04-06
208,Nananne,Standing,Nananne.Standing@yopmail.com,Nananne.Standing@gmail.com,police officer,1904-04-15
209,Esmeralda,Manolo,Esmeralda.Manolo@yopmail.com,Esmeralda.Manolo@gmail.com,developer,1945-01-23
210,Elyssa,Alva,Elyssa.Alva@yopmail.com,Elyssa.Alva@gmail.com,doctor,1949-10-31
211,Brandise,Dowski,Brandise.Dowski@yopmail.com,Brandise.Dowski@gmail.com,firefighter,1937-10-06
212,Adore,Ophelia,Adore.Ophelia@yopmail.com,Adore.Ophelia@gmail.com,firefighter,1996-02-09
213,Leontine,Capello,Leontine.Capello@yopmail.com,Leontine.Capello@gmail.com,worker,1945-03-10
214,Liana,Kare,Liana.Kare@yopmail.com,Liana.Kare@gmail.com,firefighter,1957-11-13
215,Theodora,Demitria,Theodora.Demitria@yopmail.com,Theodora.Demitria@gmail.com,police officer,2004-09-25
216,Rayna,Glenden,Rayna.Glenden@yopmail.com,Rayna.Glenden@gmail.com,doctor,1947-07-11
217,Sherrie,Lipson,Sherrie.Lipson@yopmail.com,Sherrie.Lipson@gmail.com,developer,1945-02-20
218,Nananne,Wiener,Nananne.Wiener@yopmail.com,Nananne.Wiener@gmail.com,firefighter,1923-05-27
219,Alyda,Elo,Alyda.Elo@yopmail.com,Alyda.Elo@gmail.com,worker,2008-08-27
220,Antonietta,Flita,Antonietta.Flita@yopmail.com,Antonietta.Flita@gmail.com,doctor,1977-02-10
221,Gilda,Pandolfi,Gilda.Pandolfi@yopmail.com,Gilda.Pandolfi@gmail.com,developer,1933-02-05
222,Shannah,Alarise,Shannah.Alarise@yopmail.com,Shannah.Alarise@gmail.com,firefighter,2001-05-30
223,Leona,Cadmar,Leona.Cadmar@yopmail.com,Leona.Cadmar@gmail.com,worker,1917-05-31
224,Dawn,Stover,Dawn.Stover@yopmail.com,Dawn.Stover@gmail.com,developer,1932-08-20
225,Cherrita,Dannye,Cherrita.Dannye@yopmail.com,Cherrita.Dannye@gmail.com,firefighter,1995-05-12
226,Chickie,Peti,Chickie.Peti@yopmail.com,Chickie.Peti@gmail.com,doctor,1974-05-10
227,Gusty,Georas,Gusty.Georas@yopmail.com,Gusty.Georas@gmail.com,developer,1927-01-22
228,Brana,Codding,Brana.Codding@yopmail.com,Brana.Codding@gmail.com,worker,1918-04-18
229,Tobe,Bettine,Tobe.Bettine@yopmail.com,Tobe.Bettine@gmail.com,worker,1979-02-21
230,Donnie,Haerr,Donnie.Haerr@yopmail.com,Donnie.Haerr@gmail.com,firefighter,1979-06-22
231,Catharine,Melleta,Catharine.Melleta@yopmail.com,Catharine.Melleta@gmail.com,worker,1910-06-18
232,Taffy,Shaddock,Taffy.Shaddock@yopmail.com,Taffy.Shaddock@gmail.com,firefighter,1942-03-01
233,Ginnie,Trinetta,Ginnie.Trinetta@yopmail.com,Ginnie.Trinetta@gmail.com,police officer,1953-07-07
234,Ileana,Merat,Ileana.Merat@yopmail.com,Ileana.Merat@gmail.com,firefighter,1956-08-03
235,Margarette,Marsden,Margarette.Marsden@yopmail.com,Margarette.Marsden@gmail.com,doctor,1997-09-09
236,Roberta,Rozanna,Roberta.Rozanna@yopmail.com,Roberta.Rozanna@gmail.com,police officer,2011-10-14
237,Ayn,Gahl,Ayn.Gahl@yopmail.com,Ayn.Gahl@gmail.com,firefighter,1971-05-07
238,Shannah,Bobbee,Shannah.Bobbee@yopmail.com,Shannah.Bobbee@gmail.com,doctor,1912-01-20
239,Shaylyn,Adlare,Shaylyn.Adlare@yopmail.com,Shaylyn.Adlare@gmail.com,police officer,1980-12-26
240,Robinia,Boehike,Robinia.Boehike@yopmail.com,Robinia.Boehike@gmail.com,worker,1977-07-27
241,Riannon,Wattenberg,Riannon.Wattenberg@yopmail.com,Riannon.Wattenberg@gmail.com,doctor,2008-04-02
242,Penelopa,Mauer,Penelopa.Mauer@yopmail.com,Penelopa.Mauer@gmail.com,developer,1944-06-30
243,Marita,Gavrila,Marita.Gavrila@yopmail.com,Marita.Gavrila@gmail.com,doctor,1956-08-11
244,Nessie,Krystle,Nessie.Krystle@yopmail.com,Nessie.Krystle@gmail.com,worker,1909-04-18
245,Corly,Brodench,Corly.Brodench@yopmail.com,Corly.Brodench@gmail.com,worker,1940-09-18
246,Violet,Charmine,Violet.Charmine@yopmail.com,Violet.Charmine@gmail.com,doctor,1925-11-11
247,Jsandye,Terencio,Jsandye.Terencio@yopmail.com,Jsandye.Terencio@gmail.com,police officer,1956-12-29
248,Fanny,Rodmann,Fanny.Rodmann@yopmail.com,Fanny.Rodmann@gmail.com,police officer,1909-12-20
249,Bernardine,Bach,Bernardine.Bach@yopmail.com,Bernardine.Bach@gmail.com,police officer,1928-10-14
250,Vita,Rhu,Vita.Rhu@yopmail.com,Vita.Rhu@gmail.com,worker,1903-07-07
251,Flo,Noman,Flo.Noman@yopmail.com,Flo.Noman@gmail.com,doctor,2006-04-24
252,Dolli,Junie,Dolli.Junie@yopmail.com,Dolli.Junie@gmail.com,doctor,1926-01-07
253,Kayla,Lasley,Kayla.Lasley@yopmail.com,Kayla.Lasley@gmail.com,worker,1942-06-26
254,Luci,Gregrory,Luci.Gregrory@yopmail.com,Luci.Gregrory@gmail.com,doctor,1973-08-05
255,Jessamyn,Elephus,Jessamyn.Elephus@yopmail.com,Jessamyn.Elephus@gmail.com,firefighter,1990-07-24
256,Nessie,Ralfston,Nessie.Ralfston@yopmail.com,Nessie.Ralfston@gmail.com,firefighter,1952-02-03
257,Marnia,Tamsky,Marnia.Tamsky@yopmail.com,Marnia.Tamsky@gmail.com,developer,1901-04-18
258,Jsandye,Wandie,Jsandye.Wandie@yopmail.com,Jsandye.Wandie@gmail.com,firefighter,1969-08-17
259,Blake,Mullane,Blake.Mullane@yopmail.com,Blake.Mullane@gmail.com,firefighter,1970-01-24
260,Judy,Shanley,Judy.Shanley@yopmail.com,Judy.Shanley@gmail.com,worker,1998-03-23
261,Benita,Demitria,Benita.Demitria@yopmail.com,Benita.Demitria@gmail.com,firefighter,1974-02-09
262,Norine,Reinke,Norine.Reinke@yopmail.com,Norine.Reinke@gmail.com,firefighter,1947-02-20
263,Tressa,Linskey,Tressa.Linskey@yopmail.com,Tressa.Linskey@gmail.com,worker,1947-12-15
264,Mahalia,Tristram,Mahalia.Tristram@yopmail.com,Mahalia.Tristram@gmail.com,police officer,2019-09-05
265,Jemie,Pyle,Jemie.Pyle@yopmail.com,Jemie.Pyle@gmail.com,worker,1940-02-12
266,Lindie,Roscoe,Lindie.Roscoe@yopmail.com,Lindie.Roscoe@gmail.com,police officer,1939-12-17
267,Alyssa,Talia,Alyssa.Talia@yopmail.com,Alyssa.Talia@gmail.com,doctor,1977-09-20
268,Paola,Michella,Paola.Michella@yopmail.com,Paola.Michella@gmail.com,developer,2006-12-18
269,Demetris,Erich,Demetris.Erich@yopmail.com,Demetris.Erich@gmail.com,doctor,1940-06-16
270,Candi,Cassius,Candi.Cassius@yopmail.com,Candi.Cassius@gmail.com,firefighter,1978-10-15
271,Diena,Sekofski,Diena.Sekofski@yopmail.com,Diena.Sekofski@gmail.com,doctor,1926-01-15
272,Shauna,Alfons,Shauna.Alfons@yopmail.com,Shauna.Alfons@gmail.com,police officer,1901-04-01
273,Carilyn,Nisbet,Carilyn.Nisbet@yopmail.com,Carilyn.Nisbet@gmail.com,doctor,1925-07-19
274,Helena,Tomasina,Helena.Tomasina@yopmail.com,Helena.Tomasina@gmail.com,worker,1942-04-29
275,Brietta,Suzetta,Brietta.Suzetta@yopmail.com,Brietta.Suzetta@gmail.com,doctor,1906-06-03
276,Dulcinea,Lenny,Dulcinea.Lenny@yopmail.com,Dulcinea.Lenny@gmail.com,doctor,1992-06-04
277,Dania,Agle,Dania.Agle@yopmail.com,Dania.Agle@gmail.com,doctor,1944-02-03
278,Patricia,Rozanna,Patricia.Rozanna@yopmail.com,Patricia.Rozanna@gmail.com,worker,1936-03-17
279,Vinita,Cynar,Vinita.Cynar@yopmail.com,Vinita.Cynar@gmail.com,police officer,1956-01-06
280,Liana,Arathorn,Liana.Arathorn@yopmail.com,Liana.Arathorn@gmail.com,worker,1916-10-19
281,Inga,Soneson,Inga.Soneson@yopmail.com,Inga.Soneson@gmail.com,developer,1921-03-02
282,Lolita,Schonfeld,Lolita.Schonfeld@yopmail.com,Lolita.Schonfeld@gmail.com,doctor,1946-06-22
283,Aimil,Carey,Aimil.Carey@yopmail.com,Aimil.Carey@gmail.com,firefighter,1933-04-28
284,Suzette,Jacinda,Suzette.Jacinda@yopmail.com,Suzette.Jacinda@gmail.com,worker,1962-12-07
285,Tomasina,Adamsen,Tomasina.Adamsen@yopmail.com,Tomasina.Adamsen@gmail.com,firefighter,1945-05-11
286,Olivette,Stilwell,Olivette.Stilwell@yopmail.com,Olivette.Stilwell@gmail.com,developer,1925-11-18
287,Larine,Rosalba,Larine.Rosalba@yopmail.com,Larine.Rosalba@gmail.com,police officer,1994-01-12
288,Annabela,Bord,Annabela.Bord@yopmail.com,Annabela.Bord@gmail.com,police officer,2000-12-03
289,Gale,Mintz,Gale.Mintz@yopmail.com,Gale.Mintz@gmail.com,worker,1970-07-05
290,Celestyna,Adamsen,Celestyna.Adamsen@yopmail.com,Celestyna.Adamsen@gmail.com,developer,1983-11-11
291,Rani,Arley,Rani.Arley@yopmail.com,Rani.Arley@gmail.com,firefighter,1974-05-10
292,Aimil,Sekofski,Aimil.Sekofski@yopmail.com,Aimil.Sekofski@gmail.com,doctor,1969-07-24
293,Maridel,Sallyann,Maridel.Sallyann@yopmail.com,Maridel.Sallyann@gmail.com,police officer,1913-04-21
294,Lisette,Concha,Lisette.Concha@yopmail.com,Lisette.Concha@gmail.com,doctor,2018-07-14
295,Brietta,Avi,Brietta.Avi@yopmail.com,Brietta.Avi@gmail.com,worker,1958-02-22
296,Ruthe,Nester,Ruthe.Nester@yopmail.com,Ruthe.Nester@gmail.com,developer,1933-04-03
297,Nollie,Lia,Nollie.Lia@yopmail.com,Nollie.Lia@gmail.com,police officer,1938-07-05
298,Jackie,Rubie,Jackie.Rubie@yopmail.com,Jackie.Rubie@gmail.com,police officer,1908-03-02
299,Dotty,Oster,Dotty.Oster@yopmail.com,Dotty.Oster@gmail.com,police officer,1904-04-10
300,Doro,Bronk,Doro.Bronk@yopmail.com,Doro.Bronk@gmail.com,police officer,1910-12-13
301,Micheline,Swigart,Micheline.Swigart@yopmail.com,Micheline.Swigart@gmail.com,worker,1990-10-02
302,Joceline,Alabaster,Joceline.Alabaster@yopmail.com,Joceline.Alabaster@gmail.com,developer,1942-12-27
303,Aurelie,Deegan,Aurelie.Deegan@yopmail.com,Aurelie.Deegan@gmail.com,worker,1998-07-08
304,Maryellen,Alabaster,Maryellen.Alabaster@yopmail.com,Maryellen.Alabaster@gmail.com,worker,2004-10-19
305,Constance,Roumell,Constance.Roumell@yopmail.com,Constance.Roumell@gmail.com,police officer,1918-06-14
306,Caryl,Maryanne,Caryl.Maryanne@yopmail.com,Caryl.Maryanne@gmail.com,police officer,1972-01-21
307,Marcelline,Thad,Marcelline.Thad@yopmail.com,Marcelline.Thad@gmail.com,worker,1984-12-05
308,Felice,Strephon,Felice.Strephon@yopmail.com,Felice.Strephon@gmail.com,police officer,1962-07-11
309,Rosanne,Swanhildas,Rosanne.Swanhildas@yopmail.com,Rosanne.Swanhildas@gmail.com,worker,1934-03-26
310,Veda,Madelene,Veda.Madelene@yopmail.com,Veda.Madelene@gmail.com,firefighter,1964-03-07
311,Hollie,Bethany,Hollie.Bethany@yopmail.com,Hollie.Bethany@gmail.com,firefighter,1939-08-27
312,Farrah,Edmund,Farrah.Edmund@yopmail.com,Farrah.Edmund@gmail.com,police officer,1985-07-08
313,Brana,O'Rourke,Brana.O'Rourke@yopmail.com,Brana.O'Rourke@gmail.com,doctor,1937-02-01
314,Bobinette,Calhoun,Bobinette.Calhoun@yopmail.com,Bobinette.Calhoun@gmail.com,worker,1910-01-17
315,Roslyn,Boycey,Roslyn.Boycey@yopmail.com,Roslyn.Boycey@gmail.com,worker,1948-01-07
316,Fidelia,Bennie,Fidelia.Bennie@yopmail.com,Fidelia.Bennie@gmail.com,worker,2014-08-19
317,Aeriela,Croix,Aeriela.Croix@yopmail.com,Aeriela.Croix@gmail.com,worker,1901-09-11
318,Jasmina,Quent,Jasmina.Quent@yopmail.com,Jasmina.Quent@gmail.com,developer,1989-07-29
319,Myrtice,Newell,Myrtice.Newell@yopmail.com,Myrtice.Newell@gmail.com,police officer,1943-11-06
320,Lonnie,Philipp,Lonnie.Philipp@yopmail.com,Lonnie.Philipp@gmail.com,worker,1950-09-29
321,Damaris,Poppy,Damaris.Poppy@yopmail.com,Damaris.Poppy@gmail.com,firefighter,1943-01-20
322,Mary,Jillane,Mary.Jillane@yopmail.com,Mary.Jillane@gmail.com,firefighter,1965-10-21
323,Talya,Audly,Talya.Audly@yopmail.com,Talya.Audly@gmail.com,firefighter,1982-01-17
324,Chandra,Sawtelle,Chandra.Sawtelle@yopmail.com,Chandra.Sawtelle@gmail.com,firefighter,1923-09-20
325,Sean,Carleen,Sean.Carleen@yopmail.com,Sean.Carleen@gmail.com,police officer,1972-01-12
326,Briney,Wind,Briney.Wind@yopmail.com,Briney.Wind@gmail.com,developer,1951-01-26
327,Kary,Carmena,Kary.Carmena@yopmail.com,Kary.Carmena@gmail.com,developer,2003-11-29
328,Donetta,Ellerey,Donetta.Ellerey@yopmail.com,Donetta.Ellerey@gmail.com,developer,1991-09-12
329,Maridel,Haldas,Maridel.Haldas@yopmail.com,Maridel.Haldas@gmail.com,police officer,1964-08-12
330,Gloria,Naashom,Gloria.Naashom@yopmail.com,Gloria.Naashom@gmail.com,doctor,1957-01-29
331,Carly,Karna,Carly.Karna@yopmail.com,Carly.Karna@gmail.com,worker,1948-01-30
332,Marcelline,Sekofski,Marcelline.Sekofski@yopmail.com,Marcelline.Sekofski@gmail.com,doctor,1903-01-15
333,Coral,Hebner,Coral.Hebner@yopmail.com,Coral.Hebner@gmail.com,police officer,1971-03-04
334,Brena,Fink,Brena.Fink@yopmail.com,Brena.Fink@gmail.com,developer,1975-02-20
335,Shaine,Glenden,Shaine.Glenden@yopmail.com,Shaine.Glenden@gmail.com,developer,2018-11-20
336,Olwen,Kimmie,Olwen.Kimmie@yopmail.com,Olwen.Kimmie@gmail.com,worker,1909-12-01
337,Petronia,Brackely,Petronia.Brackely@yopmail.com,Petronia.Brackely@gmail.com,developer,2005-03-15
338,Angelique,Solitta,Angelique.Solitta@yopmail.com,Angelique.Solitta@gmail.com,developer,2014-11-18
339,Mureil,Wilkinson,Mureil.Wilkinson@yopmail.com,Mureil.Wilkinson@gmail.com,firefighter,1975-07-31
340,Loree,Libna,Loree.Libna@yopmail.com,Loree.Libna@gmail.com,developer,1968-06-13
341,Florie,Zachary,Florie.Zachary@yopmail.com,Florie.Zachary@gmail.com,doctor,1965-09-12
342,Sharai,Naor,Sharai.Naor@yopmail.com,Sharai.Naor@gmail.com,doctor,1911-09-15
343,Mureil,Ethban,Mureil.Ethban@yopmail.com,Mureil.Ethban@gmail.com,developer,2005-09-07
344,Ninnetta,Ogren,Ninnetta.Ogren@yopmail.com,Ninnetta.Ogren@gmail.com,firefighter,1992-02-07
345,Sheelagh,Ursulette,Sheelagh.Ursulette@yopmail.com,Sheelagh.Ursulette@gmail.com,developer,1920-09-12
346,Romona,Faro,Romona.Faro@yopmail.com,Romona.Faro@gmail.com,firefighter,1936-08-30
347,Elora,Brieta,Elora.Brieta@yopmail.com,Elora.Brieta@gmail.com,developer,2014-06-07
348,Ardeen,Bow,Ardeen.Bow@yopmail.com,Ardeen.Bow@gmail.com,firefighter,1972-08-02
349,Eadie,Bethany,Eadie.Bethany@yopmail.com,Eadie.Bethany@gmail.com,developer,2001-11-22
350,Maisey,Tamar,Maisey.Tamar@yopmail.com,Maisey.Tamar@gmail.com,worker,1964-05-31
351,Halette,Genna,Halette.Genna@yopmail.com,Halette.Genna@gmail.com,worker,2012-12-15
352,Anthia,Tiffa,Anthia.Tiffa@yopmail.com,Anthia.Tiffa@gmail.com,firefighter,1931-07-25
353,Jany,Regan,Jany.Regan@yopmail.com,Jany.Regan@gmail.com,developer,1967-11-27
354,Jolyn,Smitt,Jolyn.Smitt@yopmail.com,Jolyn.Smitt@gmail.com,police officer,2012-07-13
355,Monika,Jagir,Monika.Jagir@yopmail.com,Monika.Jagir@gmail.com,worker,1910-11-08
356,Melodie,Jess,Melodie.Jess@yopmail.com,Melodie.Jess@gmail.com,police officer,2006-05-24
357,Lesly,Schwejda,Lesly.Schwejda@yopmail.com,Lesly.Schwejda@gmail.com,worker,1980-06-10
358,Lindie,Solitta,Lindie.Solitta@yopmail.com,Lindie.Solitta@gmail.com,worker,1974-06-05
359,Sidoney,Maples,Sidoney.Maples@yopmail.com,Sidoney.Maples@gmail.com,worker,1991-03-21
360,Josephine,Idelia,Josephine.Idelia@yopmail.com,Josephine.Idelia@gmail.com,firefighter,1975-08-02
361,Goldie,Bahr,Goldie.Bahr@yopmail.com,Goldie.Bahr@gmail.com,developer,1946-04-10
362,Fredericka,Morgun,Fredericka.Morgun@yopmail.com,Fredericka.Morgun@gmail.com,doctor,1915-07-25
363,Dacia,Gahl,Dacia.Gahl@yopmail.com,Dacia.Gahl@gmail.com,firefighter,1937-07-10
364,Kamilah,Eugenia,Kamilah.Eugenia@yopmail.com,Kamilah.Eugenia@gmail.com,worker,2019-08-14
365,Joceline,Marsden,Joceline.Marsden@yopmail.com,Joceline.Marsden@gmail.com,doctor,1930-02-06
366,Lorenza,Waite,Lorenza.Waite@yopmail.com,Lorenza.Waite@gmail.com,police officer,1995-08-05
367,Merrie,Greenwald,Merrie.Greenwald@yopmail.com,Merrie.Greenwald@gmail.com,doctor,2001-04-12
368,Kylynn,Poll,Kylynn.Poll@yopmail.com,Kylynn.Poll@gmail.com,police officer,1934-10-15
369,Daune,Lareena,Daune.Lareena@yopmail.com,Daune.Lareena@gmail.com,doctor,1929-03-06
370,Therine,Barbey,Therine.Barbey@yopmail.com,Therine.Barbey@gmail.com,worker,1938-01-20
371,Trixi,Read,Trixi.Read@yopmail.com,Trixi.Read@gmail.com,doctor,1901-09-20
372,Myriam,Hieronymus,Myriam.Hieronymus@yopmail.com,Myriam.Hieronymus@gmail.com,police officer,2013-07-06
373,Delilah,Byrne,Delilah.Byrne@yopmail.com,Delilah.Byrne@gmail.com,doctor,1926-12-19
374,Jerry,Rillings,Jerry.Rillings@yopmail.com,Jerry.Rillings@gmail.com,developer,1906-08-22
375,Courtnay,Bevin,Courtnay.Bevin@yopmail.com,Courtnay.Bevin@gmail.com,firefighter,1979-12-11
376,Rozele,Bevin,Rozele.Bevin@yopmail.com,Rozele.Bevin@gmail.com,firefighter,1924-04-12
377,Hollie,Freddi,Hollie.Freddi@yopmail.com,Hollie.Freddi@gmail.com,worker,2011-11-11
378,Sandie,Ciapas,Sandie.Ciapas@yopmail.com,Sandie.Ciapas@gmail.com,firefighter,1919-03-04
379,Iseabal,Madelene,Iseabal.Madelene@yopmail.com,Iseabal.Madelene@gmail.com,police officer,1940-01-15
380,Marita,Podvin,Marita.Podvin@yopmail.com,Marita.Podvin@gmail.com,worker,1903-01-30
381,Christal,Margret,Christal.Margret@yopmail.com,Christal.Margret@gmail.com,worker,2009-02-12
382,Louella,Stuart,Louella.Stuart@yopmail.com,Louella.Stuart@gmail.com,police officer,2001-02-08
383,Audrie,Chick,Audrie.Chick@yopmail.com,Audrie.Chick@gmail.com,police officer,1949-08-15
384,Starla,Cimbura,Starla.Cimbura@yopmail.com,Starla.Cimbura@gmail.com,police officer,1986-11-05
385,Kaja,Edee,Kaja.Edee@yopmail.com,Kaja.Edee@gmail.com,firefighter,2016-06-25
386,Althea,Nisbet,Althea.Nisbet@yopmail.com,Althea.Nisbet@gmail.com,developer,2018-05-11
387,Randa,Euridice,Randa.Euridice@yopmail.com,Randa.Euridice@gmail.com,police officer,1948-12-06
388,Alexine,Liva,Alexine.Liva@yopmail.com,Alexine.Liva@gmail.com,doctor,2001-07-18
389,Caressa,Marcellus,Caressa.Marcellus@yopmail.com,Caressa.Marcellus@gmail.com,police officer,1930-01-05
390,Carly,Keelia,Carly.Keelia@yopmail.com,Carly.Keelia@gmail.com,doctor,1972-11-19
391,Jackie,Kravits,Jackie.Kravits@yopmail.com,Jackie.Kravits@gmail.com,police officer,1979-01-13
392,Tabbatha,Lanita,Tabbatha.Lanita@yopmail.com,Tabbatha.Lanita@gmail.com,firefighter,1945-07-15
393,Fred,Earlie,Fred.Earlie@yopmail.com,Fred.Earlie@gmail.com,doctor,1980-08-05
394,Verla,Friede,Verla.Friede@yopmail.com,Verla.Friede@gmail.com,worker,2012-03-20
395,Jobi,Fosque,Jobi.Fosque@yopmail.com,Jobi.Fosque@gmail.com,firefighter,1971-03-17
396,Sheree,Martsen,Sheree.Martsen@yopmail.com,Sheree.Martsen@gmail.com,developer,2001-10-27
397,Stephanie,August,Stephanie.August@yopmail.com,Stephanie.August@gmail.com,police officer,1996-11-17
398,Rosanne,Rubie,Rosanne.Rubie@yopmail.com,Rosanne.Rubie@gmail.com,developer,1916-11-09
399,Tami,Noman,Tami.Noman@yopmail.com,Tami.Noman@gmail.com,developer,2016-02-09
400,Annecorinne,Claudine,Annecorinne.Claudine@yopmail.com,Annecorinne.Claudine@gmail.com,worker,2000-05-14
401,Joane,Lay,Joane.Lay@yopmail.com,Joane.Lay@gmail.com,police officer,1958-05-24
402,Helsa,Alice,Helsa.Alice@yopmail.com,Helsa.Alice@gmail.com,worker,1972-01-07
403,Pierette,Neva,Pierette.Neva@yopmail.com,Pierette.Neva@gmail.com,doctor,2000-07-19
404,Henriette,Nahum,Henriette.Nahum@yopmail.com,Henriette.Nahum@gmail.com,worker,1939-02-17
405,Sybille,Pattin,Sybille.Pattin@yopmail.com,Sybille.Pattin@gmail.com,firefighter,1955-01-23
406,Xylina,Bethany,Xylina.Bethany@yopmail.com,Xylina.Bethany@gmail.com,doctor,1973-06-21
407,Flo,Pelagias,Flo.Pelagias@yopmail.com,Flo.Pelagias@gmail.com,worker,1934-05-26
408,Rhea,Elsinore,Rhea.Elsinore@yopmail.com,Rhea.Elsinore@gmail.com,firefighter,1953-08-18
409,Shauna,Niles,Shauna.Niles@yopmail.com,Shauna.Niles@gmail.com,firefighter,1990-09-19
410,Aubrie,Zina,Aubrie.Zina@yopmail.com,Aubrie.Zina@gmail.com,worker,2000-03-02
411,Tilly,Scammon,Tilly.Scammon@yopmail.com,Tilly.Scammon@gmail.com,developer,1923-12-30
412,Susette,Matthew,Susette.Matthew@yopmail.com,Susette.Matthew@gmail.com,worker,1996-02-11
413,Fanchon,Westphal,Fanchon.Westphal@yopmail.com,Fanchon.Westphal@gmail.com,police officer,1963-03-14
414,Steffane,Cecile,Steffane.Cecile@yopmail.com,Steffane.Cecile@gmail.com,firefighter,1994-12-27
415,Allis,Dudley,Allis.Dudley@yopmail.com,Allis.Dudley@gmail.com,police officer,1914-01-25
416,Cyb,Wareing,Cyb.Wareing@yopmail.com,Cyb.Wareing@gmail.com,developer,2016-09-18
417,Eve,Velick,Eve.Velick@yopmail.com,Eve.Velick@gmail.com,developer,2006-06-25
418,Linet,Valerio,Linet.Valerio@yopmail.com,Linet.Valerio@gmail.com,worker,1930-06-24
419,Wilma,Pettiford,Wilma.Pettiford@yopmail.com,Wilma.Pettiford@gmail.com,police officer,2011-12-13
420,Gerrie,Ludewig,Gerrie.Ludewig@yopmail.com,Gerrie.Ludewig@gmail.com,worker,1908-11-12
421,Emylee,Beebe,Emylee.Beebe@yopmail.com,Emylee.Beebe@gmail.com,police officer,1994-07-25
422,Lusa,Fry,Lusa.Fry@yopmail.com,Lusa.Fry@gmail.com,police officer,2016-11-20
423,Rosene,Oneida,Rosene.Oneida@yopmail.com,Rosene.Oneida@gmail.com,doctor,2014-07-02
424,Emylee,Aloise,Emylee.Aloise@yopmail.com,Emylee.Aloise@gmail.com,firefighter,1903-12-10
425,Nariko,Emmy,Nariko.Emmy@yopmail.com,Nariko.Emmy@gmail.com,police officer,1936-12-19
426,Marcy,Paton,Marcy.Paton@yopmail.com,Marcy.Paton@gmail.com,worker,2012-02-06
427,Dorothy,Reidar,Dorothy.Reidar@yopmail.com,Dorothy.Reidar@gmail.com,doctor,1908-11-09
428,Isa,Sikorski,Isa.Sikorski@yopmail.com,Isa.Sikorski@gmail.com,doctor,1968-06-26
429,Ebonee,Rurik,Ebonee.Rurik@yopmail.com,Ebonee.Rurik@gmail.com,police officer,1980-03-03
430,Sabina,Sperling,Sabina.Sperling@yopmail.com,Sabina.Sperling@gmail.com,firefighter,1997-01-03
431,Odessa,Karl,Odessa.Karl@yopmail.com,Odessa.Karl@gmail.com,police officer,2002-10-14
432,Kristan,Fax,Kristan.Fax@yopmail.com,Kristan.Fax@gmail.com,doctor,1988-03-24
433,Ada,Rooney,Ada.Rooney@yopmail.com,Ada.Rooney@gmail.com,firefighter,1907-05-04
434,Marnia,Carolin,Marnia.Carolin@yopmail.com,Marnia.Carolin@gmail.com,police officer,1912-11-12
435,Courtnay,Longfellow,Courtnay.Longfellow@yopmail.com,Courtnay.Longfellow@gmail.com,doctor,1909-04-01
436,Norine,Grayce,Norine.Grayce@yopmail.com,Norine.Grayce@gmail.com,police officer,2005-11-28
437,Bobbi,Kazimir,Bobbi.Kazimir@yopmail.com,Bobbi.Kazimir@gmail.com,worker,1924-11-12
438,Dede,Daveta,Dede.Daveta@yopmail.com,Dede.Daveta@gmail.com,police officer,1947-10-22
439,Violet,Egbert,Violet.Egbert@yopmail.com,Violet.Egbert@gmail.com,firefighter,1969-03-12
440,Janeczka,Seumas,Janeczka.Seumas@yopmail.com,Janeczka.Seumas@gmail.com,worker,1965-04-06
441,Sadie,Giff,Sadie.Giff@yopmail.com,Sadie.Giff@gmail.com,worker,1999-12-03
442,Sophia,Sikorski,Sophia.Sikorski@yopmail.com,Sophia.Sikorski@gmail.com,developer,1950-04-07
443,Natka,Morrill,Natka.Morrill@yopmail.com,Natka.Morrill@gmail.com,worker,2007-05-30
444,Cathyleen,Lumbard,Cathyleen.Lumbard@yopmail.com,Cathyleen.Lumbard@gmail.com,doctor,2017-02-09
445,Rosabelle,Astra,Rosabelle.Astra@yopmail.com,Rosabelle.Astra@gmail.com,worker,1995-02-09
446,Tori,Lia,Tori.Lia@yopmail.com,Tori.Lia@gmail.com,doctor,1954-12-25
447,Gabi,Evvie,Gabi.Evvie@yopmail.com,Gabi.Evvie@gmail.com,developer,2008-04-06
448,Glynnis,Armanda,Glynnis.Armanda@yopmail.com,Glynnis.Armanda@gmail.com,doctor,1932-10-23
449,Vevay,Vittoria,Vevay.Vittoria@yopmail.com,Vevay.Vittoria@gmail.com,worker,1902-12-20
450,Madeleine,Bivins,Madeleine.Bivins@yopmail.com,Madeleine.Bivins@gmail.com,firefighter,1928-08-27
451,Ricky,Alexandr,Ricky.Alexandr@yopmail.com,Ricky.Alexandr@gmail.com,developer,1931-11-07
452,Loree,Joeann,Loree.Joeann@yopmail.com,Loree.Joeann@gmail.com,police officer,1986-05-12
453,Gerianna,Rese,Gerianna.Rese@yopmail.com,Gerianna.Rese@gmail.com,firefighter,2013-02-20
454,Kimmy,Morgun,Kimmy.Morgun@yopmail.com,Kimmy.Morgun@gmail.com,police officer,1982-10-22
455,Aurelie,Adalbert,Aurelie.Adalbert@yopmail.com,Aurelie.Adalbert@gmail.com,worker,1991-03-28
456,Bobinette,Rosette,Bobinette.Rosette@yopmail.com,Bobinette.Rosette@gmail.com,police officer,1977-02-05
457,Codie,Manolo,Codie.Manolo@yopmail.com,Codie.Manolo@gmail.com,developer,1907-11-13
458,Kirbee,McLaughlin,Kirbee.McLaughlin@yopmail.com,Kirbee.McLaughlin@gmail.com,firefighter,1950-11-04
459,Agathe,Wareing,Agathe.Wareing@yopmail.com,Agathe.Wareing@gmail.com,developer,2007-02-20
460,Valeda,Haymes,Valeda.Haymes@yopmail.com,Valeda.Haymes@gmail.com,doctor,1915-06-19
461,Nickie,Nedrud,Nickie.Nedrud@yopmail.com,Nickie.Nedrud@gmail.com,developer,2002-11-13
462,Nessie,Orlene,Nessie.Orlene@yopmail.com,Nessie.Orlene@gmail.com,worker,1977-01-14
463,Nessie,Belldas,Nessie.Belldas@yopmail.com,Nessie.Belldas@gmail.com,worker,1986-02-21
464,Marika,Penelopa,Marika.Penelopa@yopmail.com,Marika.Penelopa@gmail.com,developer,1911-10-28
465,Justinn,Bryna,Justinn.Bryna@yopmail.com,Justinn.Bryna@gmail.com,developer,1910-04-05
466,Ericka,Verger,Ericka.Verger@yopmail.com,Ericka.Verger@gmail.com,worker,1939-01-18
467,Jaclyn,Kelula,Jaclyn.Kelula@yopmail.com,Jaclyn.Kelula@gmail.com,worker,1937-07-06
468,Courtnay,Hessler,Courtnay.Hessler@yopmail.com,Courtnay.Hessler@gmail.com,police officer,1961-01-04
469,Ericka,Goth,Ericka.Goth@yopmail.com,Ericka.Goth@gmail.com,developer,1900-03-05
470,Brena,Berne,Brena.Berne@yopmail.com,Brena.Berne@gmail.com,police officer,1900-07-19
471,Stacey,Brittani,Stacey.Brittani@yopmail.com,Stacey.Brittani@gmail.com,police officer,1918-06-21
472,Marcy,Armanda,Marcy.Armanda@yopmail.com,Marcy.Armanda@gmail.com,firefighter,1977-01-23
473,Marylou,Ludewig,Marylou.Ludewig@yopmail.com,Marylou.Ludewig@gmail.com,worker,1969-05-04
474,Maisey,Cloris,Maisey.Cloris@yopmail.com,Maisey.Cloris@gmail.com,worker,1918-05-13
475,Tierney,Nore,Tierney.Nore@yopmail.com,Tierney.Nore@gmail.com,doctor,1959-10-28
476,Renae,Nelsen,Renae.Nelsen@yopmail.com,Renae.Nelsen@gmail.com,police officer,1967-07-30
477,Theodora,Chaing,Theodora.Chaing@yopmail.com,Theodora.Chaing@gmail.com,police officer,1934-11-15
478,Norine,Hoenack,Norine.Hoenack@yopmail.com,Norine.Hoenack@gmail.com,worker,1935-01-07
479,Lorenza,Amand,Lorenza.Amand@yopmail.com,Lorenza.Amand@gmail.com,developer,1928-11-18
480,Christy,Bronk,Christy.Bronk@yopmail.com,Christy.Bronk@gmail.com,firefighter,1929-11-30
481,Sherrie,Margret,Sherrie.Margret@yopmail.com,Sherrie.Margret@gmail.com,worker,1987-11-28
482,Georgetta,Pattin,Georgetta.Pattin@yopmail.com,Georgetta.Pattin@gmail.com,worker,2004-05-13
483,Wendi,Donoghue,Wendi.Donoghue@yopmail.com,Wendi.Donoghue@gmail.com,doctor,1921-12-11
484,Vonny,Gusella,Vonny.Gusella@yopmail.com,Vonny.Gusella@gmail.com,worker,1904-02-24
485,Joceline,Decato,Joceline.Decato@yopmail.com,Joceline.Decato@gmail.com,worker,1943-02-14
486,Jean,Sherrie,Jean.Sherrie@yopmail.com,Jean.Sherrie@gmail.com,police officer,1910-04-15
487,Dulcinea,Hubert,Dulcinea.Hubert@yopmail.com,Dulcinea.Hubert@gmail.com,police officer,2001-04-15
488,Karolina,Lorenz,Karolina.Lorenz@yopmail.com,Karolina.Lorenz@gmail.com,developer,1997-11-29
489,Diena,Publia,Diena.Publia@yopmail.com,Diena.Publia@gmail.com,firefighter,1930-10-27
490,Allyce,Fadiman,Allyce.Fadiman@yopmail.com,Allyce.Fadiman@gmail.com,worker,1926-01-09
491,Gwyneth,Philipp,Gwyneth.Philipp@yopmail.com,Gwyneth.Philipp@gmail.com,doctor,1914-08-17
492,Gerrie,Kronfeld,Gerrie.Kronfeld@yopmail.com,Gerrie.Kronfeld@gmail.com,doctor,1932-04-26
493,Alexine,Diogenes,Alexine.Diogenes@yopmail.com,Alexine.Diogenes@gmail.com,firefighter,1975-10-15
494,Correy,Merna,Correy.Merna@yopmail.com,Correy.Merna@gmail.com,police officer,1974-01-19
495,Clo,Bibi,Clo.Bibi@yopmail.com,Clo.Bibi@gmail.com,worker,1916-09-16
496,Hildegaard,Whiffen,Hildegaard.Whiffen@yopmail.com,Hildegaard.Whiffen@gmail.com,doctor,2010-09-17
497,Antonietta,Irmine,Antonietta.Irmine@yopmail.com,Antonietta.Irmine@gmail.com,worker,2004-08-21
498,Nelle,Berard,Nelle.Berard@yopmail.com,Nelle.Berard@gmail.com,developer,1949-08-27
499,Randa,Chesna,Randa.Chesna@yopmail.com,Randa.Chesna@gmail.com,doctor,1986-08-04
500,Nadine,Nadia,Nadine.Nadia@yopmail.com,Nadine.Nadia@gmail.com,doctor,1935-06-18
501,Magdalena,Xerxes,Magdalena.Xerxes@yopmail.com,Magdalena.Xerxes@gmail.com,firefighter,2014-10-28
502,Jan,Alfons,Jan.Alfons@yopmail.com,Jan.Alfons@gmail.com,developer,2001-05-12
503,Dorice,Sasnett,Dorice.Sasnett@yopmail.com,Dorice.Sasnett@gmail.com,police officer,1972-11-02
504,Frank,Gusella,Frank.Gusella@yopmail.com,Frank.Gusella@gmail.com,police officer,1909-01-09
505,Britte,Firmin,Britte.Firmin@yopmail.com,Britte.Firmin@gmail.com,worker,1995-10-31
506,Tami,Ophelia,Tami.Ophelia@yopmail.com,Tami.Ophelia@gmail.com,doctor,1977-01-16
507,Tarra,Ricarda,Tarra.Ricarda@yopmail.com,Tarra.Ricarda@gmail.com,developer,1995-10-19
508,Eugine,Sadowski,Eugine.Sadowski@yopmail.com,Eugine.Sadowski@gmail.com,doctor,1997-02-21
509,Joy,Sasnett,Joy.Sasnett@yopmail.com,Joy.Sasnett@gmail.com,worker,1958-09-26
510,Albertina,Karna,Albertina.Karna@yopmail.com,Albertina.Karna@gmail.com,worker,1987-07-26
511,Elbertina,Gemini,Elbertina.Gemini@yopmail.com,Elbertina.Gemini@gmail.com,developer,1915-10-16
512,Tonia,Ortrude,Tonia.Ortrude@yopmail.com,Tonia.Ortrude@gmail.com,developer,1968-12-14
513,Jacenta,Catie,Jacenta.Catie@yopmail.com,Jacenta.Catie@gmail.com,firefighter,2013-12-09
514,Micheline,Yorick,Micheline.Yorick@yopmail.com,Micheline.Yorick@gmail.com,firefighter,1989-09-15
515,Maud,Muriel,Maud.Muriel@yopmail.com,Maud.Muriel@gmail.com,police officer,1967-11-25
516,Lucille,Aloise,Lucille.Aloise@yopmail.com,Lucille.Aloise@gmail.com,firefighter,1936-12-20
517,Blake,Koehler,Blake.Koehler@yopmail.com,Blake.Koehler@gmail.com,police officer,2006-12-30
518,Cherrita,Skell,Cherrita.Skell@yopmail.com,Cherrita.Skell@gmail.com,worker,1985-07-28
519,Cassandra,Lesley,Cassandra.Lesley@yopmail.com,Cassandra.Lesley@gmail.com,police officer,1955-10-26
520,Marcy,Cherianne,Marcy.Cherianne@yopmail.com,Marcy.Cherianne@gmail.com,police officer,1905-02-26
521,Lynea,Lareena,Lynea.Lareena@yopmail.com,Lynea.Lareena@gmail.com,worker,1989-11-07
522,Flo,Suanne,Flo.Suanne@yopmail.com,Flo.Suanne@gmail.com,police officer,2013-03-19
523,Gavrielle,Winthorpe,Gavrielle.Winthorpe@yopmail.com,Gavrielle.Winthorpe@gmail.com,doctor,1969-04-09
524,Abbie,Valoniah,Abbie.Valoniah@yopmail.com,Abbie.Valoniah@gmail.com,doctor,1979-02-24
525,Carilyn,Kussell,Carilyn.Kussell@yopmail.com,Carilyn.Kussell@gmail.com,police officer,1949-01-02
526,Magdalena,Bearnard,Magdalena.Bearnard@yopmail.com,Magdalena.Bearnard@gmail.com,doctor,1921-04-17
527,Babita,Uird,Babita.Uird@yopmail.com,Babita.Uird@gmail.com,worker,1970-07-08
528,Sean,Mallon,Sean.Mallon@yopmail.com,Sean.Mallon@gmail.com,doctor,1911-05-31
529,Beth,Kenwood,Beth.Kenwood@yopmail.com,Beth.Kenwood@gmail.com,doctor,1939-10-13
530,Annecorinne,Iphlgenia,Annecorinne.Iphlgenia@yopmail.com,Annecorinne.Iphlgenia@gmail.com,firefighter,2012-04-20
531,Berta,Kosey,Berta.Kosey@yopmail.com,Berta.Kosey@gmail.com,worker,1944-03-04
532,Wynne,Abram,Wynne.Abram@yopmail.com,Wynne.Abram@gmail.com,worker,1948-07-11
533,Sadie,Idelia,Sadie.Idelia@yopmail.com,Sadie.Idelia@gmail.com,firefighter,1901-07-14
534,Eolanda,Lipson,Eolanda.Lipson@yopmail.com,Eolanda.Lipson@gmail.com,firefighter,1900-05-16
535,Elka,Bartlett,Elka.Bartlett@yopmail.com,Elka.Bartlett@gmail.com,police officer,2005-10-23
536,Annabela,Dunkin,Annabela.Dunkin@yopmail.com,Annabela.Dunkin@gmail.com,developer,1952-03-18
537,Jacquetta,Sheng,Jacquetta.Sheng@yopmail.com,Jacquetta.Sheng@gmail.com,police officer,1989-08-20
538,Britni,Fiester,Britni.Fiester@yopmail.com,Britni.Fiester@gmail.com,firefighter,1928-04-08
539,Eolanda,Kazimir,Eolanda.Kazimir@yopmail.com,Eolanda.Kazimir@gmail.com,worker,1919-09-07
540,Cacilie,Beniamino,Cacilie.Beniamino@yopmail.com,Cacilie.Beniamino@gmail.com,doctor,1970-03-03
541,Monika,Middleton,Monika.Middleton@yopmail.com,Monika.Middleton@gmail.com,worker,1922-06-07
542,Fred,Gahl,Fred.Gahl@yopmail.com,Fred.Gahl@gmail.com,developer,2008-05-15
543,Cissiee,Drisko,Cissiee.Drisko@yopmail.com,Cissiee.Drisko@gmail.com,worker,1904-09-24
544,Marcelline,Fax,Marcelline.Fax@yopmail.com,Marcelline.Fax@gmail.com,police officer,1994-09-24
545,Dyann,LaRue,Dyann.LaRue@yopmail.com,Dyann.LaRue@gmail.com,firefighter,1969-07-05
546,Kara-Lynn,Moina,Kara-Lynn.Moina@yopmail.com,Kara-Lynn.Moina@gmail.com,doctor,1987-10-23
547,Nickie,Gaulin,Nickie.Gaulin@yopmail.com,Nickie.Gaulin@gmail.com,worker,1929-10-21
548,Dominga,Jethro,Dominga.Jethro@yopmail.com,Dominga.Jethro@gmail.com,worker,1991-08-21
549,Yolane,Ursulette,Yolane.Ursulette@yopmail.com,Yolane.Ursulette@gmail.com,police officer,1915-05-08
550,Mary,Toor,Mary.Toor@yopmail.com,Mary.Toor@gmail.com,doctor,1910-07-22
551,Mahalia,Ambrosia,Mahalia.Ambrosia@yopmail.com,Mahalia.Ambrosia@gmail.com,firefighter,1906-11-29
552,Lila,My,Lila.My@yopmail.com,Lila.My@gmail.com,police officer,1949-06-18
553,Katharina,Ajay,Katharina.Ajay@yopmail.com,Katharina.Ajay@gmail.com,worker,1933-09-30
554,Odessa,Jenness,Odessa.Jenness@yopmail.com,Odessa.Jenness@gmail.com,worker,1943-11-08
555,Stevana,Glenden,Stevana.Glenden@yopmail.com,Stevana.Glenden@gmail.com,doctor,1999-03-01
556,Dania,Valerio,Dania.Valerio@yopmail.com,Dania.Valerio@gmail.com,police officer,1951-01-10
557,Donetta,Norvol,Donetta.Norvol@yopmail.com,Donetta.Norvol@gmail.com,doctor,1983-02-28
558,Tani,Yuille,Tani.Yuille@yopmail.com,Tani.Yuille@gmail.com,police officer,1928-12-09
559,Constance,Quent,Constance.Quent@yopmail.com,Constance.Quent@gmail.com,police officer,1937-09-25
560,Caressa,Pearse,Caressa.Pearse@yopmail.com,Caressa.Pearse@gmail.com,developer,1964-05-13
561,Emilia,Ephrem,Emilia.Ephrem@yopmail.com,Emilia.Ephrem@gmail.com,worker,2004-01-19
562,Marguerite,Sophronia,Marguerite.Sophronia@yopmail.com,Marguerite.Sophronia@gmail.com,police officer,2018-10-15
563,Amara,MacIntosh,Amara.MacIntosh@yopmail.com,Amara.MacIntosh@gmail.com,developer,1941-11-13
564,Claudina,Tound,Claudina.Tound@yopmail.com,Claudina.Tound@gmail.com,developer,1934-01-09
565,Nessie,Center,Nessie.Center@yopmail.com,Nessie.Center@gmail.com,firefighter,1938-10-15
566,Rhoda,Aloise,Rhoda.Aloise@yopmail.com,Rhoda.Aloise@gmail.com,firefighter,1922-09-04
567,Gerianna,Wilona,Gerianna.Wilona@yopmail.com,Gerianna.Wilona@gmail.com,worker,1935-04-13
568,Marita,Othilia,Marita.Othilia@yopmail.com,Marita.Othilia@gmail.com,worker,2003-02-20
569,Alisha,Wiener,Alisha.Wiener@yopmail.com,Alisha.Wiener@gmail.com,police officer,2005-10-18
570,Atlanta,Ricki,Atlanta.Ricki@yopmail.com,Atlanta.Ricki@gmail.com,worker,1977-10-26
571,Zondra,Sisile,Zondra.Sisile@yopmail.com,Zondra.Sisile@gmail.com,police officer,1907-09-07
572,Renae,Izaak,Renae.Izaak@yopmail.com,Renae.Izaak@gmail.com,developer,1970-11-24
573,Bernie,Talia,Bernie.Talia@yopmail.com,Bernie.Talia@gmail.com,worker,1916-04-23
574,Sallie,Sholley,Sallie.Sholley@yopmail.com,Sallie.Sholley@gmail.com,police officer,1962-08-16
575,Elvira,Shelba,Elvira.Shelba@yopmail.com,Elvira.Shelba@gmail.com,doctor,1989-10-21
576,Angela,Lewes,Angela.Lewes@yopmail.com,Angela.Lewes@gmail.com,developer,1944-07-06
577,Gabi,Kathie,Gabi.Kathie@yopmail.com,Gabi.Kathie@gmail.com,doctor,2005-01-18
578,Valera,Belanger,Valera.Belanger@yopmail.com,Valera.Belanger@gmail.com,developer,1954-05-17
579,Talya,Raama,Talya.Raama@yopmail.com,Talya.Raama@gmail.com,doctor,1992-01-21
580,Cordi,Winnick,Cordi.Winnick@yopmail.com,Cordi.Winnick@gmail.com,firefighter,1941-05-18
581,Sashenka,Wind,Sashenka.Wind@yopmail.com,Sashenka.Wind@gmail.com,developer,2019-10-29
582,Rosanne,Graig,Rosanne.Graig@yopmail.com,Rosanne.Graig@gmail.com,doctor,2017-11-25
583,Lila,Waite,Lila.Waite@yopmail.com,Lila.Waite@gmail.com,doctor,1959-09-30
584,Jenilee,Fillbert,Jenilee.Fillbert@yopmail.com,Jenilee.Fillbert@gmail.com,police officer,1913-10-15
585,Taffy,Meter,Taffy.Meter@yopmail.com,Taffy.Meter@gmail.com,police officer,1960-11-30
586,Sonni,Leopold,Sonni.Leopold@yopmail.com,Sonni.Leopold@gmail.com,police officer,2009-06-03
587,Wilma,Briney,Wilma.Briney@yopmail.com,Wilma.Briney@gmail.com,firefighter,1962-06-30
588,Margalo,Zaslow,Margalo.Zaslow@yopmail.com,Margalo.Zaslow@gmail.com,doctor,1938-03-27
589,Britni,Hoban,Britni.Hoban@yopmail.com,Britni.Hoban@gmail.com,firefighter,1963-10-11
590,Leia,Jary,Leia.Jary@yopmail.com,Leia.Jary@gmail.com,developer,1989-03-06
591,Daryl,Jerold,Daryl.Jerold@yopmail.com,Daryl.Jerold@gmail.com,firefighter,2011-07-31
592,Iseabal,Lacombe,Iseabal.Lacombe@yopmail.com,Iseabal.Lacombe@gmail.com,worker,1910-03-30
593,Kimmy,Lamoree,Kimmy.Lamoree@yopmail.com,Kimmy.Lamoree@gmail.com,developer,1983-08-12
594,Vinita,Raychel,Vinita.Raychel@yopmail.com,Vinita.Raychel@gmail.com,police officer,2015-07-21
595,Robbi,Cristi,Robbi.Cristi@yopmail.com,Robbi.Cristi@gmail.com,worker,1966-01-29
596,Lila,Belldas,Lila.Belldas@yopmail.com,Lila.Belldas@gmail.com,worker,1919-03-15
597,Cyb,Zamora,Cyb.Zamora@yopmail.com,Cyb.Zamora@gmail.com,firefighter,1933-09-30
598,Kimmy,Hermes,Kimmy.Hermes@yopmail.com,Kimmy.Hermes@gmail.com,firefighter,1976-12-26
599,Ebonee,Leifeste,Ebonee.Leifeste@yopmail.com,Ebonee.Leifeste@gmail.com,police officer,1941-05-21
600,Jean,Han,Jean.Han@yopmail.com,Jean.Han@gmail.com,firefighter,1918-03-24
601,Regina,Leler,Regina.Leler@yopmail.com,Regina.Leler@gmail.com,worker,1992-12-05
602,Georgina,Jerald,Georgina.Jerald@yopmail.com,Georgina.Jerald@gmail.com,doctor,2003-01-08
603,Lita,An,Lita.An@yopmail.com,Lita.An@gmail.com,worker,1905-02-10
604,Marguerite,Ochs,Marguerite.Ochs@yopmail.com,Marguerite.Ochs@gmail.com,doctor,2015-06-14
605,Rhoda,Montgomery,Rhoda.Montgomery@yopmail.com,Rhoda.Montgomery@gmail.com,developer,1905-09-23
606,Vanessa,Monk,Vanessa.Monk@yopmail.com,Vanessa.Monk@gmail.com,developer,2000-07-28
607,Gale,Giule,Gale.Giule@yopmail.com,Gale.Giule@gmail.com,doctor,1927-01-22
608,Robinia,Dex,Robinia.Dex@yopmail.com,Robinia.Dex@gmail.com,worker,2001-03-06
609,Lucille,Gilbertson,Lucille.Gilbertson@yopmail.com,Lucille.Gilbertson@gmail.com,police officer,1955-09-28
610,Angelique,Hessler,Angelique.Hessler@yopmail.com,Angelique.Hessler@gmail.com,worker,1951-04-27
611,Viviene,Guthrie,Viviene.Guthrie@yopmail.com,Viviene.Guthrie@gmail.com,doctor,1952-01-07
612,Teriann,Argus,Teriann.Argus@yopmail.com,Teriann.Argus@gmail.com,developer,1959-12-27
613,Edyth,Haymes,Edyth.Haymes@yopmail.com,Edyth.Haymes@gmail.com,police officer,1989-09-14
614,Ruthe,Philipp,Ruthe.Philipp@yopmail.com,Ruthe.Philipp@gmail.com,developer,1943-09-19
615,Tilly,Suk,Tilly.Suk@yopmail.com,Tilly.Suk@gmail.com,police officer,1923-01-22
616,Doro,Sandye,Doro.Sandye@yopmail.com,Doro.Sandye@gmail.com,worker,1994-05-15
617,Stephanie,Beniamino,Stephanie.Beniamino@yopmail.com,Stephanie.Beniamino@gmail.com,worker,2006-06-14
618,Marnia,Hanshaw,Marnia.Hanshaw@yopmail.com,Marnia.Hanshaw@gmail.com,police officer,1956-06-04
619,Tressa,Si,Tressa.Si@yopmail.com,Tressa.Si@gmail.com,police officer,1946-11-22
620,Devina,Abbot,Devina.Abbot@yopmail.com,Devina.Abbot@gmail.com,police officer,1969-01-25
621,Adelle,Lane,Adelle.Lane@yopmail.com,Adelle.Lane@gmail.com,police officer,2013-11-30
622,Lory,Jary,Lory.Jary@yopmail.com,Lory.Jary@gmail.com,firefighter,1982-06-09
623,Lorenza,Milde,Lorenza.Milde@yopmail.com,Lorenza.Milde@gmail.com,doctor,1999-02-13
624,Nadine,Chobot,Nadine.Chobot@yopmail.com,Nadine.Chobot@gmail.com,firefighter,1912-11-11
625,Lindie,Bettine,Lindie.Bettine@yopmail.com,Lindie.Bettine@gmail.com,worker,1960-09-12
626,Ashlee,Ardra,Ashlee.Ardra@yopmail.com,Ashlee.Ardra@gmail.com,developer,1900-11-21
627,Janeczka,Evangelia,Janeczka.Evangelia@yopmail.com,Janeczka.Evangelia@gmail.com,developer,1962-01-16
628,Gale,Marlie,Gale.Marlie@yopmail.com,Gale.Marlie@gmail.com,police officer,1972-11-01
629,Clementine,Pacorro,Clementine.Pacorro@yopmail.com,Clementine.Pacorro@gmail.com,police officer,1989-07-04
630,Rozele,Wesle,Rozele.Wesle@yopmail.com,Rozele.Wesle@gmail.com,worker,1946-05-06
631,Layla,Beniamino,Layla.Beniamino@yopmail.com,Layla.Beniamino@gmail.com,police officer,1961-09-28
632,Justinn,Dorcy,Justinn.Dorcy@yopmail.com,Justinn.Dorcy@gmail.com,developer,1916-11-20
633,Ashlee,Jammal,Ashlee.Jammal@yopmail.com,Ashlee.Jammal@gmail.com,firefighter,1907-10-28
634,Steffane,Autrey,Steffane.Autrey@yopmail.com,Steffane.Autrey@gmail.com,doctor,1910-07-02
635,Rubie,McCutcheon,Rubie.McCutcheon@yopmail.com,Rubie.McCutcheon@gmail.com,police officer,2011-02-17
636,Sabina,Noam,Sabina.Noam@yopmail.com,Sabina.Noam@gmail.com,firefighter,1901-03-24
637,Antonietta,Wooster,Antonietta.Wooster@yopmail.com,Antonietta.Wooster@gmail.com,firefighter,1940-12-20
638,Veda,McLaughlin,Veda.McLaughlin@yopmail.com,Veda.McLaughlin@gmail.com,police officer,1972-10-03
639,Ashlee,Remmer,Ashlee.Remmer@yopmail.com,Ashlee.Remmer@gmail.com,doctor,1913-08-05
640,Alyda,Ezar,Alyda.Ezar@yopmail.com,Alyda.Ezar@gmail.com,developer,2011-08-27
641,Courtnay,Gordon,Courtnay.Gordon@yopmail.com,Courtnay.Gordon@gmail.com,police officer,2010-07-07
642,Bernardine,Parette,Bernardine.Parette@yopmail.com,Bernardine.Parette@gmail.com,worker,1937-09-12
643,Rhea,Marden,Rhea.Marden@yopmail.com,Rhea.Marden@gmail.com,developer,1990-08-10
644,Olivette,MacIntosh,Olivette.MacIntosh@yopmail.com,Olivette.MacIntosh@gmail.com,developer,1995-01-01
645,Grier,Koehler,Grier.Koehler@yopmail.com,Grier.Koehler@gmail.com,developer,1918-01-01
646,Frank,Cookie,Frank.Cookie@yopmail.com,Frank.Cookie@gmail.com,police officer,1937-12-21
647,Cherrita,Bartlett,Cherrita.Bartlett@yopmail.com,Cherrita.Bartlett@gmail.com,police officer,1976-02-27
648,Albertina,Lane,Albertina.Lane@yopmail.com,Albertina.Lane@gmail.com,firefighter,1976-09-16
649,Marnia,Tamar,Marnia.Tamar@yopmail.com,Marnia.Tamar@gmail.com,police officer,2007-01-03
650,Gertrud,Jethro,Gertrud.Jethro@yopmail.com,Gertrud.Jethro@gmail.com,developer,1984-04-21
651,Shannah,Longfellow,Shannah.Longfellow@yopmail.com,Shannah.Longfellow@gmail.com,developer,1962-06-02
652,Leeanne,Vorster,Leeanne.Vorster@yopmail.com,Leeanne.Vorster@gmail.com,worker,1936-08-03
653,Allis,Cornelia,Allis.Cornelia@yopmail.com,Allis.Cornelia@gmail.com,doctor,1992-10-20
654,Ketti,Hedve,Ketti.Hedve@yopmail.com,Ketti.Hedve@gmail.com,firefighter,1969-08-10
655,Molli,Romelda,Molli.Romelda@yopmail.com,Molli.Romelda@gmail.com,developer,1945-04-26
656,Myriam,Swigart,Myriam.Swigart@yopmail.com,Myriam.Swigart@gmail.com,firefighter,1922-04-16
657,Stevana,Colbert,Stevana.Colbert@yopmail.com,Stevana.Colbert@gmail.com,developer,1959-06-16
658,Adele,Means,Adele.Means@yopmail.com,Adele.Means@gmail.com,worker,1948-02-12
659,Sabina,Pandolfi,Sabina.Pandolfi@yopmail.com,Sabina.Pandolfi@gmail.com,police officer,1961-09-29
660,Kellen,O'Neill,Kellen.O'Neill@yopmail.com,Kellen.O'Neill@gmail.com,police officer,1965-10-21
661,Pamella,Urias,Pamella.Urias@yopmail.com,Pamella.Urias@gmail.com,doctor,1949-06-03
662,Steffane,Drisko,Steffane.Drisko@yopmail.com,Steffane.Drisko@gmail.com,police officer,2009-12-19
663,Arlena,Noman,Arlena.Noman@yopmail.com,Arlena.Noman@gmail.com,firefighter,1938-10-19
664,Farrah,Nunci,Farrah.Nunci@yopmail.com,Farrah.Nunci@gmail.com,worker,1958-06-02
665,Nickie,Bennie,Nickie.Bennie@yopmail.com,Nickie.Bennie@gmail.com,firefighter,1974-12-29
666,Gui,Sprage,Gui.Sprage@yopmail.com,Gui.Sprage@gmail.com,worker,2016-08-02
667,Stephanie,Payson,Stephanie.Payson@yopmail.com,Stephanie.Payson@gmail.com,worker,1919-06-17
668,Lily,Quinn,Lily.Quinn@yopmail.com,Lily.Quinn@gmail.com,developer,1902-10-31
669,Annora,Oster,Annora.Oster@yopmail.com,Annora.Oster@gmail.com,police officer,1946-04-04
670,Micheline,Thema,Micheline.Thema@yopmail.com,Micheline.Thema@gmail.com,doctor,1994-10-28
671,Amalie,Arquit,Amalie.Arquit@yopmail.com,Amalie.Arquit@gmail.com,doctor,1994-05-15
672,Margette,Ranjiv,Margette.Ranjiv@yopmail.com,Margette.Ranjiv@gmail.com,firefighter,1932-06-09
673,Celisse,Gladstone,Celisse.Gladstone@yopmail.com,Celisse.Gladstone@gmail.com,worker,2015-02-25
674,Annaliese,Wenda,Annaliese.Wenda@yopmail.com,Annaliese.Wenda@gmail.com,doctor,1933-01-11
675,Fred,Aaberg,Fred.Aaberg@yopmail.com,Fred.Aaberg@gmail.com,worker,1927-04-19
676,Darlleen,Skell,Darlleen.Skell@yopmail.com,Darlleen.Skell@gmail.com,doctor,1912-06-27
677,Angelique,Tarrant,Angelique.Tarrant@yopmail.com,Angelique.Tarrant@gmail.com,police officer,1964-07-03
678,Darlleen,Fontana,Darlleen.Fontana@yopmail.com,Darlleen.Fontana@gmail.com,police officer,1991-02-16
679,Jenda,Egbert,Jenda.Egbert@yopmail.com,Jenda.Egbert@gmail.com,developer,1984-03-02
680,Ulrike,Erskine,Ulrike.Erskine@yopmail.com,Ulrike.Erskine@gmail.com,worker,1963-10-05
681,Correy,Minetta,Correy.Minetta@yopmail.com,Correy.Minetta@gmail.com,developer,2018-06-24
682,Orelia,Travax,Orelia.Travax@yopmail.com,Orelia.Travax@gmail.com,worker,1974-02-13
683,Robinia,Estella,Robinia.Estella@yopmail.com,Robinia.Estella@gmail.com,firefighter,1939-08-29
684,Harrietta,Shaddock,Harrietta.Shaddock@yopmail.com,Harrietta.Shaddock@gmail.com,firefighter,2003-10-06
685,Juliane,Ricarda,Juliane.Ricarda@yopmail.com,Juliane.Ricarda@gmail.com,doctor,1923-07-19
686,Yolane,Couture,Yolane.Couture@yopmail.com,Yolane.Couture@gmail.com,police officer,2015-12-02
687,Kara-Lynn,Catie,Kara-Lynn.Catie@yopmail.com,Kara-Lynn.Catie@gmail.com,firefighter,1950-09-26
688,Orelia,Elbertina,Orelia.Elbertina@yopmail.com,Orelia.Elbertina@gmail.com,police officer,2010-06-30
689,Deane,Baptlsta,Deane.Baptlsta@yopmail.com,Deane.Baptlsta@gmail.com,worker,1970-02-21
690,Mamie,Ahab,Mamie.Ahab@yopmail.com,Mamie.Ahab@gmail.com,police officer,1953-02-01
691,Cissiee,Hoenack,Cissiee.Hoenack@yopmail.com,Cissiee.Hoenack@gmail.com,police officer,1980-05-29
692,Alyssa,Sammons,Alyssa.Sammons@yopmail.com,Alyssa.Sammons@gmail.com,doctor,1968-02-16
693,Lynnea,Hollingsworth,Lynnea.Hollingsworth@yopmail.com,Lynnea.Hollingsworth@gmail.com,police officer,1969-11-15
694,Cyndie,Orelee,Cyndie.Orelee@yopmail.com,Cyndie.Orelee@gmail.com,worker,1971-06-02
695,Aurore,Wilona,Aurore.Wilona@yopmail.com,Aurore.Wilona@gmail.com,police officer,1942-09-05
696,Talya,Marsden,Talya.Marsden@yopmail.com,Talya.Marsden@gmail.com,worker,1988-07-12
697,Adele,Lasley,Adele.Lasley@yopmail.com,Adele.Lasley@gmail.com,worker,1961-11-17
698,Charmaine,Allys,Charmaine.Allys@yopmail.com,Charmaine.Allys@gmail.com,developer,2002-05-17
699,Doralynne,Weinreb,Doralynne.Weinreb@yopmail.com,Doralynne.Weinreb@gmail.com,developer,1945-04-18
700,Yetty,Guildroy,Yetty.Guildroy@yopmail.com,Yetty.Guildroy@gmail.com,firefighter,1932-09-18
701,Robinia,Sundin,Robinia.Sundin@yopmail.com,Robinia.Sundin@gmail.com,worker,1949-01-17
702,Asia,Secrest,Asia.Secrest@yopmail.com,Asia.Secrest@gmail.com,doctor,2005-03-02
703,Belinda,Travax,Belinda.Travax@yopmail.com,Belinda.Travax@gmail.com,doctor,1941-05-22
704,Lelah,Wilkinson,Lelah.Wilkinson@yopmail.com,Lelah.Wilkinson@gmail.com,developer,1920-09-22
705,Lisette,Behre,Lisette.Behre@yopmail.com,Lisette.Behre@gmail.com,developer,2000-08-19
706,Roz,Frendel,Roz.Frendel@yopmail.com,Roz.Frendel@gmail.com,doctor,1935-02-01
707,Hollie,Tayib,Hollie.Tayib@yopmail.com,Hollie.Tayib@gmail.com,police officer,2019-10-31
708,Letizia,Sidonius,Letizia.Sidonius@yopmail.com,Letizia.Sidonius@gmail.com,worker,1942-04-11
709,Charlena,Constancy,Charlena.Constancy@yopmail.com,Charlena.Constancy@gmail.com,police officer,1930-10-21
710,Marika,Morehouse,Marika.Morehouse@yopmail.com,Marika.Morehouse@gmail.com,worker,1928-07-20
711,Robbi,McNully,Robbi.McNully@yopmail.com,Robbi.McNully@gmail.com,worker,1936-11-10
712,Beth,Kevon,Beth.Kevon@yopmail.com,Beth.Kevon@gmail.com,doctor,1952-02-07
713,Fredericka,Timon,Fredericka.Timon@yopmail.com,Fredericka.Timon@gmail.com,developer,2001-03-31
714,Dorene,Aloise,Dorene.Aloise@yopmail.com,Dorene.Aloise@gmail.com,developer,1994-03-15
715,Marti,Lymann,Marti.Lymann@yopmail.com,Marti.Lymann@gmail.com,developer,1975-07-04
716,Jean,Engdahl,Jean.Engdahl@yopmail.com,Jean.Engdahl@gmail.com,firefighter,1958-01-24
717,Tierney,Stilwell,Tierney.Stilwell@yopmail.com,Tierney.Stilwell@gmail.com,police officer,1975-02-27
718,Gilligan,Seessel,Gilligan.Seessel@yopmail.com,Gilligan.Seessel@gmail.com,police officer,1984-03-06
719,Hallie,Charmine,Hallie.Charmine@yopmail.com,Hallie.Charmine@gmail.com,worker,1979-07-01
720,Lily,Zuzana,Lily.Zuzana@yopmail.com,Lily.Zuzana@gmail.com,worker,2000-12-20
721,Edith,Han,Edith.Han@yopmail.com,Edith.Han@gmail.com,firefighter,1956-12-12
722,Nariko,Maryanne,Nariko.Maryanne@yopmail.com,Nariko.Maryanne@gmail.com,firefighter,1970-10-20
723,Belva,Himelman,Belva.Himelman@yopmail.com,Belva.Himelman@gmail.com,doctor,2017-07-14
724,Angela,Kazimir,Angela.Kazimir@yopmail.com,Angela.Kazimir@gmail.com,doctor,1974-02-03
725,Roslyn,Kat,Roslyn.Kat@yopmail.com,Roslyn.Kat@gmail.com,worker,2003-06-12
726,Jany,Hessler,Jany.Hessler@yopmail.com,Jany.Hessler@gmail.com,police officer,1950-10-20
727,Catharine,Ogren,Catharine.Ogren@yopmail.com,Catharine.Ogren@gmail.com,developer,1985-06-04
728,Netty,Swigart,Netty.Swigart@yopmail.com,Netty.Swigart@gmail.com,firefighter,1977-06-19
729,Tonia,Cassius,Tonia.Cassius@yopmail.com,Tonia.Cassius@gmail.com,firefighter,2016-11-01
730,Ashlee,Tomasina,Ashlee.Tomasina@yopmail.com,Ashlee.Tomasina@gmail.com,doctor,1928-11-18
731,Camile,Doig,Camile.Doig@yopmail.com,Camile.Doig@gmail.com,police officer,1973-12-09
732,Merle,Timon,Merle.Timon@yopmail.com,Merle.Timon@gmail.com,police officer,1904-12-28
733,Nananne,Haerr,Nananne.Haerr@yopmail.com,Nananne.Haerr@gmail.com,developer,2002-09-27
734,Edith,Bohlin,Edith.Bohlin@yopmail.com,Edith.Bohlin@gmail.com,worker,1995-11-20
735,Ethel,Lea,Ethel.Lea@yopmail.com,Ethel.Lea@gmail.com,firefighter,1995-01-14
736,Amalie,Byrne,Amalie.Byrne@yopmail.com,Amalie.Byrne@gmail.com,police officer,1988-01-16
737,Bobbi,Bibi,Bobbi.Bibi@yopmail.com,Bobbi.Bibi@gmail.com,doctor,1974-08-25
738,Ashlee,Esmaria,Ashlee.Esmaria@yopmail.com,Ashlee.Esmaria@gmail.com,police officer,1908-11-13
739,Rayna,Jena,Rayna.Jena@yopmail.com,Rayna.Jena@gmail.com,firefighter,1982-10-08
740,Keelia,Adalbert,Keelia.Adalbert@yopmail.com,Keelia.Adalbert@gmail.com,police officer,1987-10-21
741,Ruthe,Ambrosia,Ruthe.Ambrosia@yopmail.com,Ruthe.Ambrosia@gmail.com,police officer,1965-12-14
742,Josephine,Kimmie,Josephine.Kimmie@yopmail.com,Josephine.Kimmie@gmail.com,doctor,1916-06-29
743,Carolina,Fredi,Carolina.Fredi@yopmail.com,Carolina.Fredi@gmail.com,police officer,1907-01-13
744,Tera,Olin,Tera.Olin@yopmail.com,Tera.Olin@gmail.com,worker,1985-10-01
745,Elvira,Susannah,Elvira.Susannah@yopmail.com,Elvira.Susannah@gmail.com,worker,1952-04-21
746,Neila,Cavan,Neila.Cavan@yopmail.com,Neila.Cavan@gmail.com,doctor,1955-06-01
747,Lolita,Ummersen,Lolita.Ummersen@yopmail.com,Lolita.Ummersen@gmail.com,doctor,1904-02-07
748,Mady,Abbot,Mady.Abbot@yopmail.com,Mady.Abbot@gmail.com,firefighter,2014-11-04
749,Ivett,Ries,Ivett.Ries@yopmail.com,Ivett.Ries@gmail.com,firefighter,2004-04-19
750,Emylee,Mathilde,Emylee.Mathilde@yopmail.com,Emylee.Mathilde@gmail.com,police officer,1979-11-12
751,Karena,Gherardo,Karena.Gherardo@yopmail.com,Karena.Gherardo@gmail.com,doctor,1914-05-29
752,Johna,Orelee,Johna.Orelee@yopmail.com,Johna.Orelee@gmail.com,doctor,1958-12-20
753,Rosaline,Joseph,Rosaline.Joseph@yopmail.com,Rosaline.Joseph@gmail.com,worker,1933-06-21
754,Patricia,Hermes,Patricia.Hermes@yopmail.com,Patricia.Hermes@gmail.com,doctor,1934-08-29
755,Kamilah,Abram,Kamilah.Abram@yopmail.com,Kamilah.Abram@gmail.com,worker,1963-08-13
756,Steffane,Adamsen,Steffane.Adamsen@yopmail.com,Steffane.Adamsen@gmail.com,developer,1915-04-20
757,Margarette,Eiser,Margarette.Eiser@yopmail.com,Margarette.Eiser@gmail.com,doctor,1968-06-18
758,Feliza,Mozelle,Feliza.Mozelle@yopmail.com,Feliza.Mozelle@gmail.com,police officer,1942-07-03
759,Roz,Lasley,Roz.Lasley@yopmail.com,Roz.Lasley@gmail.com,police officer,1927-04-15
760,Pamella,Albertine,Pamella.Albertine@yopmail.com,Pamella.Albertine@gmail.com,worker,1994-09-30
761,Etta,Prouty,Etta.Prouty@yopmail.com,Etta.Prouty@gmail.com,police officer,1909-02-19
762,Valeda,Kevon,Valeda.Kevon@yopmail.com,Valeda.Kevon@gmail.com,worker,1955-11-05
763,Deedee,Hoenack,Deedee.Hoenack@yopmail.com,Deedee.Hoenack@gmail.com,police officer,1934-04-29
764,Melina,Fennessy,Melina.Fennessy@yopmail.com,Melina.Fennessy@gmail.com,doctor,1949-07-09
765,Hope,Erb,Hope.Erb@yopmail.com,Hope.Erb@gmail.com,doctor,1925-06-11
766,Lanna,Dorcy,Lanna.Dorcy@yopmail.com,Lanna.Dorcy@gmail.com,police officer,1950-10-04
767,Maud,Erich,Maud.Erich@yopmail.com,Maud.Erich@gmail.com,worker,1993-08-02
768,Ira,Xerxes,Ira.Xerxes@yopmail.com,Ira.Xerxes@gmail.com,worker,2011-09-11
769,Daune,Maroney,Daune.Maroney@yopmail.com,Daune.Maroney@gmail.com,developer,2017-06-05
770,Molli,Lamoree,Molli.Lamoree@yopmail.com,Molli.Lamoree@gmail.com,worker,1925-03-17
771,Annice,Thad,Annice.Thad@yopmail.com,Annice.Thad@gmail.com,firefighter,1958-08-26
772,Tami,Freddi,Tami.Freddi@yopmail.com,Tami.Freddi@gmail.com,doctor,1917-10-31
773,Mady,Heidt,Mady.Heidt@yopmail.com,Mady.Heidt@gmail.com,firefighter,1936-10-30
774,Chere,Toffic,Chere.Toffic@yopmail.com,Chere.Toffic@gmail.com,worker,1948-02-05
775,Jenilee,Sholley,Jenilee.Sholley@yopmail.com,Jenilee.Sholley@gmail.com,police officer,1944-08-28
776,Kittie,Clarissa,Kittie.Clarissa@yopmail.com,Kittie.Clarissa@gmail.com,firefighter,1938-03-29
777,Jean,Septima,Jean.Septima@yopmail.com,Jean.Septima@gmail.com,doctor,1914-04-26
778,Imojean,Riva,Imojean.Riva@yopmail.com,Imojean.Riva@gmail.com,police officer,1913-06-05
779,Celestyna,Oster,Celestyna.Oster@yopmail.com,Celestyna.Oster@gmail.com,developer,1987-11-24
780,Kalina,Eckblad,Kalina.Eckblad@yopmail.com,Kalina.Eckblad@gmail.com,worker,1968-02-22
781,Kary,Winthorpe,Kary.Winthorpe@yopmail.com,Kary.Winthorpe@gmail.com,firefighter,1987-11-16
782,Janey,Stephie,Janey.Stephie@yopmail.com,Janey.Stephie@gmail.com,doctor,1955-12-02
783,Hope,Teryn,Hope.Teryn@yopmail.com,Hope.Teryn@gmail.com,firefighter,1906-04-23
784,Shannah,Thar,Shannah.Thar@yopmail.com,Shannah.Thar@gmail.com,police officer,1985-04-18
785,Kathi,Si,Kathi.Si@yopmail.com,Kathi.Si@gmail.com,police officer,1917-07-26
786,Candi,Sammons,Candi.Sammons@yopmail.com,Candi.Sammons@gmail.com,firefighter,1930-12-21
787,Rori,Seumas,Rori.Seumas@yopmail.com,Rori.Seumas@gmail.com,developer,1945-03-20
788,Nickie,Mehalek,Nickie.Mehalek@yopmail.com,Nickie.Mehalek@gmail.com,worker,1950-11-14
789,Sallie,Payson,Sallie.Payson@yopmail.com,Sallie.Payson@gmail.com,doctor,1995-12-13
790,Mathilda,Boycey,Mathilda.Boycey@yopmail.com,Mathilda.Boycey@gmail.com,developer,1901-04-22
791,Carly,Candy,Carly.Candy@yopmail.com,Carly.Candy@gmail.com,developer,1979-02-27
792,Gui,Havens,Gui.Havens@yopmail.com,Gui.Havens@gmail.com,firefighter,1996-11-19
793,Alex,Weide,Alex.Weide@yopmail.com,Alex.Weide@gmail.com,worker,1917-02-08
794,Michaelina,Reidar,Michaelina.Reidar@yopmail.com,Michaelina.Reidar@gmail.com,doctor,1993-11-21
795,Tonia,Hewitt,Tonia.Hewitt@yopmail.com,Tonia.Hewitt@gmail.com,doctor,2001-12-09
796,Brietta,Granoff,Brietta.Granoff@yopmail.com,Brietta.Granoff@gmail.com,police officer,1998-04-26
797,Jaime,Gilbertson,Jaime.Gilbertson@yopmail.com,Jaime.Gilbertson@gmail.com,firefighter,1945-08-24
798,Pearline,Borrell,Pearline.Borrell@yopmail.com,Pearline.Borrell@gmail.com,doctor,1955-10-28
799,Leeanne,Rozanna,Leeanne.Rozanna@yopmail.com,Leeanne.Rozanna@gmail.com,police officer,1998-10-27
800,Theodora,Fulmer,Theodora.Fulmer@yopmail.com,Theodora.Fulmer@gmail.com,doctor,1947-10-02
801,Dianemarie,Marcellus,Dianemarie.Marcellus@yopmail.com,Dianemarie.Marcellus@gmail.com,worker,1912-03-10
802,Sashenka,Artie,Sashenka.Artie@yopmail.com,Sashenka.Artie@gmail.com,doctor,1985-11-06
803,Flo,Sinegold,Flo.Sinegold@yopmail.com,Flo.Sinegold@gmail.com,firefighter,1975-03-24
804,Nyssa,Roche,Nyssa.Roche@yopmail.com,Nyssa.Roche@gmail.com,doctor,1929-03-30
805,Ethel,Palocz,Ethel.Palocz@yopmail.com,Ethel.Palocz@gmail.com,developer,1932-01-04
806,Kittie,Goode,Kittie.Goode@yopmail.com,Kittie.Goode@gmail.com,police officer,1904-01-28
807,Amii,Swanhildas,Amii.Swanhildas@yopmail.com,Amii.Swanhildas@gmail.com,firefighter,1980-05-30
808,Elka,Florina,Elka.Florina@yopmail.com,Elka.Florina@gmail.com,doctor,1977-06-03
809,Ingrid,Gusella,Ingrid.Gusella@yopmail.com,Ingrid.Gusella@gmail.com,developer,2011-03-19
810,Brana,Beebe,Brana.Beebe@yopmail.com,Brana.Beebe@gmail.com,worker,1919-11-29
811,Hollie,Maroney,Hollie.Maroney@yopmail.com,Hollie.Maroney@gmail.com,developer,1916-12-08
812,Adele,Braun,Adele.Braun@yopmail.com,Adele.Braun@gmail.com,police officer,2014-09-04
813,Steffane,Liva,Steffane.Liva@yopmail.com,Steffane.Liva@gmail.com,police officer,1926-05-12
814,Lonnie,Philoo,Lonnie.Philoo@yopmail.com,Lonnie.Philoo@gmail.com,police officer,2016-04-21
815,Rosabelle,Brady,Rosabelle.Brady@yopmail.com,Rosabelle.Brady@gmail.com,doctor,1965-04-17
816,Allyce,Swanhildas,Allyce.Swanhildas@yopmail.com,Allyce.Swanhildas@gmail.com,worker,1932-03-09
817,Feliza,Herrera,Feliza.Herrera@yopmail.com,Feliza.Herrera@gmail.com,developer,1937-11-06
818,Lynnea,Jarib,Lynnea.Jarib@yopmail.com,Lynnea.Jarib@gmail.com,firefighter,1956-07-26
819,Doralynne,Gillan,Doralynne.Gillan@yopmail.com,Doralynne.Gillan@gmail.com,doctor,2003-04-22
820,Belva,Arquit,Belva.Arquit@yopmail.com,Belva.Arquit@gmail.com,police officer,1928-03-16
821,Helsa,Adore,Helsa.Adore@yopmail.com,Helsa.Adore@gmail.com,firefighter,2001-01-20
822,Korrie,Elvyn,Korrie.Elvyn@yopmail.com,Korrie.Elvyn@gmail.com,worker,1984-11-25
823,Sabina,Marcellus,Sabina.Marcellus@yopmail.com,Sabina.Marcellus@gmail.com,developer,1935-09-06
824,Andree,Soneson,Andree.Soneson@yopmail.com,Andree.Soneson@gmail.com,police officer,1900-06-03
825,Gerrie,Wenda,Gerrie.Wenda@yopmail.com,Gerrie.Wenda@gmail.com,developer,2004-12-27
826,Evaleen,Salchunas,Evaleen.Salchunas@yopmail.com,Evaleen.Salchunas@gmail.com,police officer,1994-02-06
827,Gavrielle,Ciro,Gavrielle.Ciro@yopmail.com,Gavrielle.Ciro@gmail.com,developer,1998-03-11
828,Mildrid,Dearborn,Mildrid.Dearborn@yopmail.com,Mildrid.Dearborn@gmail.com,firefighter,1967-04-13
829,Demetris,Camden,Demetris.Camden@yopmail.com,Demetris.Camden@gmail.com,firefighter,1909-04-12
830,Grier,Margret,Grier.Margret@yopmail.com,Grier.Margret@gmail.com,worker,1945-10-21
831,Alexine,Buffum,Alexine.Buffum@yopmail.com,Alexine.Buffum@gmail.com,doctor,2004-03-10
832,Cecile,Kress,Cecile.Kress@yopmail.com,Cecile.Kress@gmail.com,police officer,1964-02-12
833,Dawn,Lalitta,Dawn.Lalitta@yopmail.com,Dawn.Lalitta@gmail.com,developer,1993-05-10
834,Delilah,An,Delilah.An@yopmail.com,Delilah.An@gmail.com,firefighter,1947-05-26
835,Shaine,Marden,Shaine.Marden@yopmail.com,Shaine.Marden@gmail.com,worker,1952-06-19
836,Kara-Lynn,Florina,Kara-Lynn.Florina@yopmail.com,Kara-Lynn.Florina@gmail.com,doctor,1949-06-13
837,Dale,Kare,Dale.Kare@yopmail.com,Dale.Kare@gmail.com,police officer,1904-10-14
838,Angela,Aurelio,Angela.Aurelio@yopmail.com,Angela.Aurelio@gmail.com,police officer,2019-02-03
839,Roxane,Roscoe,Roxane.Roscoe@yopmail.com,Roxane.Roscoe@gmail.com,doctor,1973-02-13
840,Nyssa,Anestassia,Nyssa.Anestassia@yopmail.com,Nyssa.Anestassia@gmail.com,firefighter,1953-07-18
841,Mariann,Wolfgram,Mariann.Wolfgram@yopmail.com,Mariann.Wolfgram@gmail.com,doctor,2014-07-09
842,Ayn,Heisel,Ayn.Heisel@yopmail.com,Ayn.Heisel@gmail.com,worker,2000-01-03
843,Aeriela,Faust,Aeriela.Faust@yopmail.com,Aeriela.Faust@gmail.com,police officer,1982-02-08
844,Clo,Thad,Clo.Thad@yopmail.com,Clo.Thad@gmail.com,firefighter,1964-06-30
845,Daune,Laverne,Daune.Laverne@yopmail.com,Daune.Laverne@gmail.com,doctor,1956-06-15
846,Melanie,Oriana,Melanie.Oriana@yopmail.com,Melanie.Oriana@gmail.com,police officer,2019-05-12
847,Viviene,Justinn,Viviene.Justinn@yopmail.com,Viviene.Justinn@gmail.com,firefighter,1960-07-22
848,Cathyleen,Eiser,Cathyleen.Eiser@yopmail.com,Cathyleen.Eiser@gmail.com,police officer,1948-12-22
849,Wynne,Kussell,Wynne.Kussell@yopmail.com,Wynne.Kussell@gmail.com,developer,1967-12-11
850,Babita,Taima,Babita.Taima@yopmail.com,Babita.Taima@gmail.com,doctor,1962-07-10
851,Chandra,Mallon,Chandra.Mallon@yopmail.com,Chandra.Mallon@gmail.com,developer,1978-06-22
852,Ronna,Glovsky,Ronna.Glovsky@yopmail.com,Ronna.Glovsky@gmail.com,doctor,1960-06-03
853,Brynna,Jethro,Brynna.Jethro@yopmail.com,Brynna.Jethro@gmail.com,doctor,2005-03-04
854,Livvyy,Seligman,Livvyy.Seligman@yopmail.com,Livvyy.Seligman@gmail.com,worker,2002-05-10
855,Lacie,LaRue,Lacie.LaRue@yopmail.com,Lacie.LaRue@gmail.com,developer,2009-09-18
856,Jenda,Rubie,Jenda.Rubie@yopmail.com,Jenda.Rubie@gmail.com,police officer,1955-05-03
857,Gabriellia,Korey,Gabriellia.Korey@yopmail.com,Gabriellia.Korey@gmail.com,developer,1974-06-13
858,Dania,Chauncey,Dania.Chauncey@yopmail.com,Dania.Chauncey@gmail.com,firefighter,1944-06-24
859,Riannon,Brieta,Riannon.Brieta@yopmail.com,Riannon.Brieta@gmail.com,police officer,1914-07-09
860,Myrtice,Urania,Myrtice.Urania@yopmail.com,Myrtice.Urania@gmail.com,doctor,1974-10-11
861,Grier,Liebermann,Grier.Liebermann@yopmail.com,Grier.Liebermann@gmail.com,worker,1977-07-14
862,Correy,Huggins,Correy.Huggins@yopmail.com,Correy.Huggins@gmail.com,worker,1907-12-11
863,Veda,Lewes,Veda.Lewes@yopmail.com,Veda.Lewes@gmail.com,doctor,1968-03-24
864,Gertrud,Anton,Gertrud.Anton@yopmail.com,Gertrud.Anton@gmail.com,firefighter,2004-08-02
865,Maye,My,Maye.My@yopmail.com,Maye.My@gmail.com,worker,2008-07-24
866,Belva,Albertine,Belva.Albertine@yopmail.com,Belva.Albertine@gmail.com,doctor,1955-03-15
867,Desirae,Nunci,Desirae.Nunci@yopmail.com,Desirae.Nunci@gmail.com,firefighter,1919-11-12
868,Leontine,Screens,Leontine.Screens@yopmail.com,Leontine.Screens@gmail.com,firefighter,1912-08-26
869,Camile,Roche,Camile.Roche@yopmail.com,Camile.Roche@gmail.com,developer,1924-08-08
870,Lanae,Woodberry,Lanae.Woodberry@yopmail.com,Lanae.Woodberry@gmail.com,police officer,1912-09-15
871,Chickie,Abernon,Chickie.Abernon@yopmail.com,Chickie.Abernon@gmail.com,police officer,1946-06-01
872,Carly,Blisse,Carly.Blisse@yopmail.com,Carly.Blisse@gmail.com,developer,1966-12-26
873,Myriam,Valerio,Myriam.Valerio@yopmail.com,Myriam.Valerio@gmail.com,firefighter,2004-04-27
874,Evita,Woodberry,Evita.Woodberry@yopmail.com,Evita.Woodberry@gmail.com,doctor,1903-03-18
875,Cherilyn,Ovid,Cherilyn.Ovid@yopmail.com,Cherilyn.Ovid@gmail.com,worker,1979-12-31
876,Wileen,Janene,Wileen.Janene@yopmail.com,Wileen.Janene@gmail.com,firefighter,1922-03-08
877,Judy,Dermott,Judy.Dermott@yopmail.com,Judy.Dermott@gmail.com,doctor,1972-02-27
878,Carlie,Teddman,Carlie.Teddman@yopmail.com,Carlie.Teddman@gmail.com,worker,1910-06-01
879,Petronia,Chem,Petronia.Chem@yopmail.com,Petronia.Chem@gmail.com,police officer,1904-02-20
880,Frances,Campball,Frances.Campball@yopmail.com,Frances.Campball@gmail.com,developer,1974-05-27
881,Gilligan,Yuille,Gilligan.Yuille@yopmail.com,Gilligan.Yuille@gmail.com,doctor,1978-02-21
882,Jessy,Standing,Jessy.Standing@yopmail.com,Jessy.Standing@gmail.com,police officer,1937-04-01
883,Shaine,Fillbert,Shaine.Fillbert@yopmail.com,Shaine.Fillbert@gmail.com,firefighter,1949-04-17
884,Emelina,Orlene,Emelina.Orlene@yopmail.com,Emelina.Orlene@gmail.com,doctor,1921-02-23
885,Maridel,Lunsford,Maridel.Lunsford@yopmail.com,Maridel.Lunsford@gmail.com,developer,2006-11-12
886,Monika,Fennessy,Monika.Fennessy@yopmail.com,Monika.Fennessy@gmail.com,developer,2007-03-20
887,Annice,Mata,Annice.Mata@yopmail.com,Annice.Mata@gmail.com,doctor,1901-02-01
888,Katharina,Bearnard,Katharina.Bearnard@yopmail.com,Katharina.Bearnard@gmail.com,firefighter,1949-01-18
889,Sam,Vale,Sam.Vale@yopmail.com,Sam.Vale@gmail.com,firefighter,1983-01-06
890,Jeanna,Fairweather,Jeanna.Fairweather@yopmail.com,Jeanna.Fairweather@gmail.com,developer,1965-05-12
891,Felice,Jenness,Felice.Jenness@yopmail.com,Felice.Jenness@gmail.com,developer,1990-04-27
892,Emmey,Emmy,Emmey.Emmy@yopmail.com,Emmey.Emmy@gmail.com,firefighter,2018-06-07
893,Helena,Sacken,Helena.Sacken@yopmail.com,Helena.Sacken@gmail.com,police officer,2003-07-12
894,Elena,Afton,Elena.Afton@yopmail.com,Elena.Afton@gmail.com,developer,1993-08-30
895,Lenna,Haymes,Lenna.Haymes@yopmail.com,Lenna.Haymes@gmail.com,developer,1975-11-11
896,Petronia,Garrison,Petronia.Garrison@yopmail.com,Petronia.Garrison@gmail.com,worker,2013-11-18
897,Roseline,Dituri,Roseline.Dituri@yopmail.com,Roseline.Dituri@gmail.com,police officer,1997-07-21
898,Latisha,Podvin,Latisha.Podvin@yopmail.com,Latisha.Podvin@gmail.com,firefighter,2011-12-20
899,Nollie,Talia,Nollie.Talia@yopmail.com,Nollie.Talia@gmail.com,firefighter,2003-11-01
900,Roz,Goerke,Roz.Goerke@yopmail.com,Roz.Goerke@gmail.com,doctor,1945-05-10
901,Lynnea,Montgomery,Lynnea.Montgomery@yopmail.com,Lynnea.Montgomery@gmail.com,developer,1919-08-26
902,Cathie,Remmer,Cathie.Remmer@yopmail.com,Cathie.Remmer@gmail.com,worker,1927-05-01
903,Helsa,Byrne,Helsa.Byrne@yopmail.com,Helsa.Byrne@gmail.com,doctor,1919-01-06
904,Atlanta,Bertold,Atlanta.Bertold@yopmail.com,Atlanta.Bertold@gmail.com,doctor,1917-03-31
905,Tabbatha,Granoff,Tabbatha.Granoff@yopmail.com,Tabbatha.Granoff@gmail.com,doctor,1974-08-06
906,Monika,Bethany,Monika.Bethany@yopmail.com,Monika.Bethany@gmail.com,police officer,1906-03-22
907,Roseline,Fabiola,Roseline.Fabiola@yopmail.com,Roseline.Fabiola@gmail.com,police officer,1964-06-08
908,Tobe,Eno,Tobe.Eno@yopmail.com,Tobe.Eno@gmail.com,police officer,1950-03-09
909,Maryellen,Donoghue,Maryellen.Donoghue@yopmail.com,Maryellen.Donoghue@gmail.com,police officer,2007-05-01
910,Benita,Nerita,Benita.Nerita@yopmail.com,Benita.Nerita@gmail.com,worker,1955-09-29
911,Di,Ajay,Di.Ajay@yopmail.com,Di.Ajay@gmail.com,firefighter,1905-01-19
912,Tilly,Iaverne,Tilly.Iaverne@yopmail.com,Tilly.Iaverne@gmail.com,developer,2018-04-21
913,Alyssa,Susannah,Alyssa.Susannah@yopmail.com,Alyssa.Susannah@gmail.com,police officer,1907-10-02
914,Audrie,Weinreb,Audrie.Weinreb@yopmail.com,Audrie.Weinreb@gmail.com,worker,1919-04-15
915,Lizzie,Daniele,Lizzie.Daniele@yopmail.com,Lizzie.Daniele@gmail.com,worker,1930-09-04
916,Wanda,Elo,Wanda.Elo@yopmail.com,Wanda.Elo@gmail.com,firefighter,2019-11-20
917,Emmey,Buckler,Emmey.Buckler@yopmail.com,Emmey.Buckler@gmail.com,police officer,1900-08-25
918,Belinda,Wesle,Belinda.Wesle@yopmail.com,Belinda.Wesle@gmail.com,firefighter,1952-08-15
919,Quintina,Devlen,Quintina.Devlen@yopmail.com,Quintina.Devlen@gmail.com,doctor,1902-06-06
920,Lelah,Anderea,Lelah.Anderea@yopmail.com,Lelah.Anderea@gmail.com,worker,1977-04-13
921,Lynea,Monk,Lynea.Monk@yopmail.com,Lynea.Monk@gmail.com,worker,1952-10-16
922,Fina,Shaver,Fina.Shaver@yopmail.com,Fina.Shaver@gmail.com,firefighter,1987-07-11
923,Grier,Keelia,Grier.Keelia@yopmail.com,Grier.Keelia@gmail.com,police officer,1959-11-28
924,Angelique,Rustice,Angelique.Rustice@yopmail.com,Angelique.Rustice@gmail.com,doctor,1969-11-14
925,Elka,Hathaway,Elka.Hathaway@yopmail.com,Elka.Hathaway@gmail.com,developer,1987-06-20
926,Ebonee,Jeanne,Ebonee.Jeanne@yopmail.com,Ebonee.Jeanne@gmail.com,worker,1933-09-05
927,Henriette,Jacqui,Henriette.Jacqui@yopmail.com,Henriette.Jacqui@gmail.com,developer,2008-07-16
928,Cherilyn,Ingra,Cherilyn.Ingra@yopmail.com,Cherilyn.Ingra@gmail.com,developer,2004-05-30
929,Marnia,Malanie,Marnia.Malanie@yopmail.com,Marnia.Malanie@gmail.com,firefighter,1934-12-19
930,Harrietta,Dearborn,Harrietta.Dearborn@yopmail.com,Harrietta.Dearborn@gmail.com,doctor,1911-05-28
931,Jemie,Ranjiv,Jemie.Ranjiv@yopmail.com,Jemie.Ranjiv@gmail.com,developer,1943-06-03
932,Dede,Horan,Dede.Horan@yopmail.com,Dede.Horan@gmail.com,firefighter,1901-11-10
933,Collen,Raama,Collen.Raama@yopmail.com,Collen.Raama@gmail.com,doctor,1921-10-16
934,Blake,Marisa,Blake.Marisa@yopmail.com,Blake.Marisa@gmail.com,firefighter,1963-10-03
935,Katharina,Peonir,Katharina.Peonir@yopmail.com,Katharina.Peonir@gmail.com,worker,1918-10-19
936,Emelina,Rese,Emelina.Rese@yopmail.com,Emelina.Rese@gmail.com,developer,2001-09-13
937,Penelopa,Cullin,Penelopa.Cullin@yopmail.com,Penelopa.Cullin@gmail.com,firefighter,1908-05-13
938,Verla,Jaylene,Verla.Jaylene@yopmail.com,Verla.Jaylene@gmail.com,worker,2007-03-31
939,Lily,Fax,Lily.Fax@yopmail.com,Lily.Fax@gmail.com,police officer,1923-02-06
940,Priscilla,Loeb,Priscilla.Loeb@yopmail.com,Priscilla.Loeb@gmail.com,worker,1929-04-23
941,Peri,Tomasina,Peri.Tomasina@yopmail.com,Peri.Tomasina@gmail.com,worker,1985-01-06
942,Diena,Ranjiv,Diena.Ranjiv@yopmail.com,Diena.Ranjiv@gmail.com,developer,1956-04-15
943,Patricia,Nadia,Patricia.Nadia@yopmail.com,Patricia.Nadia@gmail.com,worker,1978-03-20
944,Lita,Vary,Lita.Vary@yopmail.com,Lita.Vary@gmail.com,firefighter,1933-05-05
945,Mathilda,Paine,Mathilda.Paine@yopmail.com,Mathilda.Paine@gmail.com,police officer,1923-06-06
946,Kaia,Remmer,Kaia.Remmer@yopmail.com,Kaia.Remmer@gmail.com,firefighter,1957-12-22
947,Renae,Voletta,Renae.Voletta@yopmail.com,Renae.Voletta@gmail.com,doctor,1998-03-30
948,Augustine,Cimbura,Augustine.Cimbura@yopmail.com,Augustine.Cimbura@gmail.com,developer,2010-08-28
949,Binny,Jacqui,Binny.Jacqui@yopmail.com,Binny.Jacqui@gmail.com,worker,2019-01-06
950,Nadine,Leffen,Nadine.Leffen@yopmail.com,Nadine.Leffen@gmail.com,police officer,1979-01-08
951,Blondelle,Neva,Blondelle.Neva@yopmail.com,Blondelle.Neva@gmail.com,firefighter,1939-01-11
952,Allis,Cullin,Allis.Cullin@yopmail.com,Allis.Cullin@gmail.com,developer,1927-01-25
953,Sue,Tice,Sue.Tice@yopmail.com,Sue.Tice@gmail.com,police officer,1992-06-11
954,Peri,Verger,Peri.Verger@yopmail.com,Peri.Verger@gmail.com,police officer,1951-05-13
955,Etta,Ciapas,Etta.Ciapas@yopmail.com,Etta.Ciapas@gmail.com,firefighter,1958-07-12
956,Dorene,Seligman,Dorene.Seligman@yopmail.com,Dorene.Seligman@gmail.com,doctor,1961-02-02
957,Teddie,Dichy,Teddie.Dichy@yopmail.com,Teddie.Dichy@gmail.com,developer,2015-03-22
958,Courtnay,Seessel,Courtnay.Seessel@yopmail.com,Courtnay.Seessel@gmail.com,doctor,1929-10-12
959,Zaria,Cecile,Zaria.Cecile@yopmail.com,Zaria.Cecile@gmail.com,police officer,1941-06-21
960,Ardys,Masao,Ardys.Masao@yopmail.com,Ardys.Masao@gmail.com,firefighter,1969-04-12
961,Doro,Wind,Doro.Wind@yopmail.com,Doro.Wind@gmail.com,firefighter,2013-12-20
962,Nananne,Ricarda,Nananne.Ricarda@yopmail.com,Nananne.Ricarda@gmail.com,worker,2011-06-14
963,Nanete,Salvidor,Nanete.Salvidor@yopmail.com,Nanete.Salvidor@gmail.com,developer,1907-05-18
964,Dede,Felecia,Dede.Felecia@yopmail.com,Dede.Felecia@gmail.com,worker,1951-03-02
965,Gilda,Zaslow,Gilda.Zaslow@yopmail.com,Gilda.Zaslow@gmail.com,worker,1945-06-12
966,Sybille,Syd,Sybille.Syd@yopmail.com,Sybille.Syd@gmail.com,firefighter,1963-07-05
967,Olivette,Wattenberg,Olivette.Wattenberg@yopmail.com,Olivette.Wattenberg@gmail.com,doctor,1972-07-23
968,Fidelia,Rustice,Fidelia.Rustice@yopmail.com,Fidelia.Rustice@gmail.com,police officer,1974-09-27
969,Dyann,Schalles,Dyann.Schalles@yopmail.com,Dyann.Schalles@gmail.com,doctor,1966-03-07
970,Eugine,Tjon,Eugine.Tjon@yopmail.com,Eugine.Tjon@gmail.com,firefighter,1961-12-11
971,Orelia,Anis,Orelia.Anis@yopmail.com,Orelia.Anis@gmail.com,firefighter,1914-07-14
972,Arlena,Zeeba,Arlena.Zeeba@yopmail.com,Arlena.Zeeba@gmail.com,doctor,1900-10-09
973,Abbie,Schonfeld,Abbie.Schonfeld@yopmail.com,Abbie.Schonfeld@gmail.com,worker,2008-07-04
974,Di,Brodench,Di.Brodench@yopmail.com,Di.Brodench@gmail.com,developer,1921-07-22
975,Britte,Roche,Britte.Roche@yopmail.com,Britte.Roche@gmail.com,doctor,1927-11-06
976,Mignon,Persse,Mignon.Persse@yopmail.com,Mignon.Persse@gmail.com,doctor,1982-06-22
977,Margalo,Marisa,Margalo.Marisa@yopmail.com,Margalo.Marisa@gmail.com,doctor,1958-09-12
978,Taffy,Ricarda,Taffy.Ricarda@yopmail.com,Taffy.Ricarda@gmail.com,doctor,1907-10-05
979,Corene,Arne,Corene.Arne@yopmail.com,Corene.Arne@gmail.com,police officer,2019-11-07
980,Viviene,Martsen,Viviene.Martsen@yopmail.com,Viviene.Martsen@gmail.com,police officer,1955-10-10
981,Lynea,Aldric,Lynea.Aldric@yopmail.com,Lynea.Aldric@gmail.com,developer,1978-04-15
982,Antonietta,Kristi,Antonietta.Kristi@yopmail.com,Antonietta.Kristi@gmail.com,doctor,1908-08-08
983,Shell,Poppy,Shell.Poppy@yopmail.com,Shell.Poppy@gmail.com,doctor,2007-05-26
984,Ermengarde,Minetta,Ermengarde.Minetta@yopmail.com,Ermengarde.Minetta@gmail.com,police officer,1950-08-13
985,Randa,Durante,Randa.Durante@yopmail.com,Randa.Durante@gmail.com,developer,1908-10-30
986,Moyna,Tiffa,Moyna.Tiffa@yopmail.com,Moyna.Tiffa@gmail.com,developer,2005-07-06
987,Stephanie,Zenas,Stephanie.Zenas@yopmail.com,Stephanie.Zenas@gmail.com,police officer,1996-05-30
988,Beverley,Rosette,Beverley.Rosette@yopmail.com,Beverley.Rosette@gmail.com,developer,1942-02-24
989,Yvonne,Tybald,Yvonne.Tybald@yopmail.com,Yvonne.Tybald@gmail.com,firefighter,1999-05-24
990,Britte,Ariella,Britte.Ariella@yopmail.com,Britte.Ariella@gmail.com,worker,1961-06-19
991,Drucie,August,Drucie.August@yopmail.com,Drucie.August@gmail.com,worker,1997-09-09
992,Dagmar,Candy,Dagmar.Candy@yopmail.com,Dagmar.Candy@gmail.com,firefighter,1942-10-06
993,Alameda,Garek,Alameda.Garek@yopmail.com,Alameda.Garek@gmail.com,developer,1914-11-15
994,Kristan,Means,Kristan.Means@yopmail.com,Kristan.Means@gmail.com,worker,1973-10-20
995,Dolli,Carbo,Dolli.Carbo@yopmail.com,Dolli.Carbo@gmail.com,worker,1990-07-17
996,Eadie,Oster,Eadie.Oster@yopmail.com,Eadie.Oster@gmail.com,doctor,1911-07-25
997,Krystle,Mehalek,Krystle.Mehalek@yopmail.com,Krystle.Mehalek@gmail.com,police officer,1965-07-17
998,Sam,Aaberg,Sam.Aaberg@yopmail.com,Sam.Aaberg@gmail.com,doctor,1970-10-03
999,Donetta,Bethany,Donetta.Bethany@yopmail.com,Donetta.Bethany@gmail.com,firefighter,1912-04-07
1000,Aigneis,Pierette,Aigneis.Pierette@yopmail.com,Aigneis.Pierette@gmail.com,worker,1925-04-02
1001,Jolyn,Skell,Jolyn.Skell@yopmail.com,Jolyn.Skell@gmail.com,worker,1957-09-14
1002,Marguerite,Emerson,Marguerite.Emerson@yopmail.com,Marguerite.Emerson@gmail.com,police officer,2016-01-23
1003,Ida,Dulciana,Ida.Dulciana@yopmail.com,Ida.Dulciana@gmail.com,developer,1964-03-28
1004,Kelly,Noman,Kelly.Noman@yopmail.com,Kelly.Noman@gmail.com,firefighter,2004-01-16
1005,Ulrike,Poll,Ulrike.Poll@yopmail.com,Ulrike.Poll@gmail.com,developer,1953-09-02
1006,Marguerite,Trey,Marguerite.Trey@yopmail.com,Marguerite.Trey@gmail.com,worker,1954-10-05
1007,Flo,Solitta,Flo.Solitta@yopmail.com,Flo.Solitta@gmail.com,worker,1960-01-09
1008,Ardys,Letsou,Ardys.Letsou@yopmail.com,Ardys.Letsou@gmail.com,police officer,2001-08-15
1009,Priscilla,Fancie,Priscilla.Fancie@yopmail.com,Priscilla.Fancie@gmail.com,doctor,2013-03-10
1010,Dacia,Durante,Dacia.Durante@yopmail.com,Dacia.Durante@gmail.com,worker,1913-08-12
1011,Nannie,Ade,Nannie.Ade@yopmail.com,Nannie.Ade@gmail.com,developer,1963-10-12
1012,Vevay,Sheng,Vevay.Sheng@yopmail.com,Vevay.Sheng@gmail.com,worker,1920-10-23
1013,Tami,Koziara,Tami.Koziara@yopmail.com,Tami.Koziara@gmail.com,worker,1967-11-19
1014,Elora,Amasa,Elora.Amasa@yopmail.com,Elora.Amasa@gmail.com,doctor,1928-04-30
1015,Farrah,Darian,Farrah.Darian@yopmail.com,Farrah.Darian@gmail.com,doctor,1953-09-26
1016,Valera,Cyrie,Valera.Cyrie@yopmail.com,Valera.Cyrie@gmail.com,police officer,1923-06-30
1017,Sallie,Ledah,Sallie.Ledah@yopmail.com,Sallie.Ledah@gmail.com,police officer,1971-12-24
1018,Rochette,Annice,Rochette.Annice@yopmail.com,Rochette.Annice@gmail.com,developer,1904-12-25
1019,Lory,Holbrook,Lory.Holbrook@yopmail.com,Lory.Holbrook@gmail.com,police officer,1908-01-17
1020,Marika,Norrie,Marika.Norrie@yopmail.com,Marika.Norrie@gmail.com,doctor,1906-05-08
1021,Joleen,Kiyoshi,Joleen.Kiyoshi@yopmail.com,Joleen.Kiyoshi@gmail.com,police officer,1943-11-30
1022,Edith,Shelba,Edith.Shelba@yopmail.com,Edith.Shelba@gmail.com,firefighter,1943-10-21
1023,Vevay,Eugenia,Vevay.Eugenia@yopmail.com,Vevay.Eugenia@gmail.com,doctor,2009-10-02
1024,Lonnie,Serilda,Lonnie.Serilda@yopmail.com,Lonnie.Serilda@gmail.com,developer,1910-02-25
1025,Lynea,Daegal,Lynea.Daegal@yopmail.com,Lynea.Daegal@gmail.com,doctor,1931-07-26
1026,Fawne,Dorothy,Fawne.Dorothy@yopmail.com,Fawne.Dorothy@gmail.com,police officer,1933-08-17
1027,Asia,O'Carroll,Asia.O'Carroll@yopmail.com,Asia.O'Carroll@gmail.com,worker,1942-01-28
1028,Chandra,Sperling,Chandra.Sperling@yopmail.com,Chandra.Sperling@gmail.com,firefighter,1996-05-10
1029,Inga,Jorgan,Inga.Jorgan@yopmail.com,Inga.Jorgan@gmail.com,worker,1916-08-19
1030,Marika,Kiyoshi,Marika.Kiyoshi@yopmail.com,Marika.Kiyoshi@gmail.com,firefighter,1918-09-19
1031,Shauna,Pattin,Shauna.Pattin@yopmail.com,Shauna.Pattin@gmail.com,developer,1992-05-30
1032,Zaria,Vanni,Zaria.Vanni@yopmail.com,Zaria.Vanni@gmail.com,developer,1940-04-02
1033,Sara-Ann,Hurley,Sara-Ann.Hurley@yopmail.com,Sara-Ann.Hurley@gmail.com,doctor,1925-04-15
1034,Emma,Croix,Emma.Croix@yopmail.com,Emma.Croix@gmail.com,developer,1993-08-07
1035,Consuela,Neva,Consuela.Neva@yopmail.com,Consuela.Neva@gmail.com,doctor,2011-05-22
1036,Jessamyn,Arquit,Jessamyn.Arquit@yopmail.com,Jessamyn.Arquit@gmail.com,worker,1990-02-03
1037,Melina,Capello,Melina.Capello@yopmail.com,Melina.Capello@gmail.com,developer,1952-01-08
1038,Norine,Lea,Norine.Lea@yopmail.com,Norine.Lea@gmail.com,developer,1951-07-11
1039,Tina,Aaberg,Tina.Aaberg@yopmail.com,Tina.Aaberg@gmail.com,worker,1962-12-11
1040,Emilia,Odell,Emilia.Odell@yopmail.com,Emilia.Odell@gmail.com,police officer,1985-05-26
1041,Kittie,Pelagias,Kittie.Pelagias@yopmail.com,Kittie.Pelagias@gmail.com,firefighter,1940-03-24
1042,Kaja,Malvino,Kaja.Malvino@yopmail.com,Kaja.Malvino@gmail.com,firefighter,1904-12-25
1043,Basia,Salchunas,Basia.Salchunas@yopmail.com,Basia.Salchunas@gmail.com,doctor,1930-07-21
1044,Jolyn,Abernon,Jolyn.Abernon@yopmail.com,Jolyn.Abernon@gmail.com,developer,1902-01-09
1045,Loree,Weaks,Loree.Weaks@yopmail.com,Loree.Weaks@gmail.com,doctor,1942-07-06
1046,Ayn,Chrystel,Ayn.Chrystel@yopmail.com,Ayn.Chrystel@gmail.com,police officer,1982-01-04
1047,Cordi,Maples,Cordi.Maples@yopmail.com,Cordi.Maples@gmail.com,worker,1984-12-17
1048,Sissy,Carolin,Sissy.Carolin@yopmail.com,Sissy.Carolin@gmail.com,doctor,1996-12-06
1049,Minne,Merat,Minne.Merat@yopmail.com,Minne.Merat@gmail.com,worker,1912-03-20
1050,Ginnie,Fancie,Ginnie.Fancie@yopmail.com,Ginnie.Fancie@gmail.com,doctor,2012-02-04
1051,Louella,Bebe,Louella.Bebe@yopmail.com,Louella.Bebe@gmail.com,doctor,1930-01-24
1052,Jessy,Thilda,Jessy.Thilda@yopmail.com,Jessy.Thilda@gmail.com,firefighter,1996-09-22
1053,Diena,Jorgan,Diena.Jorgan@yopmail.com,Diena.Jorgan@gmail.com,developer,1997-12-09
1054,Drucie,Burnside,Drucie.Burnside@yopmail.com,Drucie.Burnside@gmail.com,worker,2014-09-27
1055,Coral,Kellby,Coral.Kellby@yopmail.com,Coral.Kellby@gmail.com,worker,1985-03-26
1056,Doralynne,Bahr,Doralynne.Bahr@yopmail.com,Doralynne.Bahr@gmail.com,doctor,1912-01-12
1057,Cathyleen,Munn,Cathyleen.Munn@yopmail.com,Cathyleen.Munn@gmail.com,worker,2008-07-02
1058,Sue,Greenwald,Sue.Greenwald@yopmail.com,Sue.Greenwald@gmail.com,police officer,1915-02-16
1059,Corene,Pip,Corene.Pip@yopmail.com,Corene.Pip@gmail.com,worker,1949-09-21
1060,Alyda,Hilbert,Alyda.Hilbert@yopmail.com,Alyda.Hilbert@gmail.com,firefighter,1916-03-08
1061,Phylis,Selway,Phylis.Selway@yopmail.com,Phylis.Selway@gmail.com,doctor,2017-06-25
1062,Edith,Woodberry,Edith.Woodberry@yopmail.com,Edith.Woodberry@gmail.com,doctor,1905-11-18
1063,Kaja,Juliet,Kaja.Juliet@yopmail.com,Kaja.Juliet@gmail.com,police officer,1904-04-19
1064,Yvonne,Ciapas,Yvonne.Ciapas@yopmail.com,Yvonne.Ciapas@gmail.com,worker,1967-11-11
1065,Binny,Corilla,Binny.Corilla@yopmail.com,Binny.Corilla@gmail.com,firefighter,1940-12-18
1066,Neila,McLaughlin,Neila.McLaughlin@yopmail.com,Neila.McLaughlin@gmail.com,firefighter,1974-01-12
1067,Devina,Daegal,Devina.Daegal@yopmail.com,Devina.Daegal@gmail.com,firefighter,1970-08-09
1068,Katharina,Klotz,Katharina.Klotz@yopmail.com,Katharina.Klotz@gmail.com,police officer,1953-04-13
1069,Kara-Lynn,Hutchison,Kara-Lynn.Hutchison@yopmail.com,Kara-Lynn.Hutchison@gmail.com,doctor,1936-03-04
1070,Brianna,Cleo,Brianna.Cleo@yopmail.com,Brianna.Cleo@gmail.com,police officer,1992-09-17
1071,Doralynne,Gordon,Doralynne.Gordon@yopmail.com,Doralynne.Gordon@gmail.com,worker,2010-09-04
1072,Dorene,Buffum,Dorene.Buffum@yopmail.com,Dorene.Buffum@gmail.com,firefighter,1977-02-04
1073,Jan,Artie,Jan.Artie@yopmail.com,Jan.Artie@gmail.com,firefighter,1924-10-22
1074,Allyce,Arathorn,Allyce.Arathorn@yopmail.com,Allyce.Arathorn@gmail.com,developer,1995-09-09
1075,Phylis,Sheng,Phylis.Sheng@yopmail.com,Phylis.Sheng@gmail.com,police officer,1971-05-07
1076,Janey,Cressida,Janey.Cressida@yopmail.com,Janey.Cressida@gmail.com,doctor,1929-02-24
1077,Karina,Gilbertson,Karina.Gilbertson@yopmail.com,Karina.Gilbertson@gmail.com,firefighter,1929-08-28
1078,Emilia,Stuart,Emilia.Stuart@yopmail.com,Emilia.Stuart@gmail.com,police officer,2005-12-06
1079,Taffy,Creamer,Taffy.Creamer@yopmail.com,Taffy.Creamer@gmail.com,police officer,1996-09-18
1080,Dorice,Merat,Dorice.Merat@yopmail.com,Dorice.Merat@gmail.com,police officer,2003-10-22
1081,Stephanie,Bennie,Stephanie.Bennie@yopmail.com,Stephanie.Bennie@gmail.com,firefighter,1938-03-02
1082,Arlena,Pearse,Arlena.Pearse@yopmail.com,Arlena.Pearse@gmail.com,police officer,1940-12-15
1083,Sharlene,Chobot,Sharlene.Chobot@yopmail.com,Sharlene.Chobot@gmail.com,worker,2008-02-06
1084,Wynne,Leopold,Wynne.Leopold@yopmail.com,Wynne.Leopold@gmail.com,firefighter,1927-02-18
1085,Edyth,Roxanna,Edyth.Roxanna@yopmail.com,Edyth.Roxanna@gmail.com,worker,1906-10-04
1086,Alisha,Henrie,Alisha.Henrie@yopmail.com,Alisha.Henrie@gmail.com,doctor,1958-09-27
1087,Shel,Dituri,Shel.Dituri@yopmail.com,Shel.Dituri@gmail.com,firefighter,1935-09-24
1088,Hope,Flyn,Hope.Flyn@yopmail.com,Hope.Flyn@gmail.com,worker,1969-04-10
1089,Loree,Kaete,Loree.Kaete@yopmail.com,Loree.Kaete@gmail.com,firefighter,1945-06-25
1090,Lusa,Slifka,Lusa.Slifka@yopmail.com,Lusa.Slifka@gmail.com,developer,2017-11-16
1091,Merci,Waldron,Merci.Waldron@yopmail.com,Merci.Waldron@gmail.com,police officer,1946-02-22
1092,Belinda,Faust,Belinda.Faust@yopmail.com,Belinda.Faust@gmail.com,doctor,1900-04-08
1093,Brynna,Vins,Brynna.Vins@yopmail.com,Brynna.Vins@gmail.com,police officer,1986-08-09
1094,Andeee,Adamsen,Andeee.Adamsen@yopmail.com,Andeee.Adamsen@gmail.com,developer,1935-03-22
1095,Shaylyn,Sophronia,Shaylyn.Sophronia@yopmail.com,Shaylyn.Sophronia@gmail.com,doctor,1972-12-28
1096,Thalia,Hanshaw,Thalia.Hanshaw@yopmail.com,Thalia.Hanshaw@gmail.com,worker,1955-06-04
1097,Perry,Chaing,Perry.Chaing@yopmail.com,Perry.Chaing@gmail.com,worker,2004-03-22
1098,Rhea,Sigfrid,Rhea.Sigfrid@yopmail.com,Rhea.Sigfrid@gmail.com,police officer,1903-09-10
1099,Lisette,Penelopa,Lisette.Penelopa@yopmail.com,Lisette.Penelopa@gmail.com,firefighter,1983-01-16